caller,callee
00401000,00402c90
00401000,00402cf0
00401030,00406e10
00401030,0042fb62
00401030,0042fbb8
004011b0,00401000
00401700,00401000
00401700,00402c90
00401700,00407af0
00401700,00409ca0
00401e20,EXTERNAL:0000005c
00401e20,EXTERNAL:0000005d
00401e20,EXTERNAL:00000062
00401e20,EXTERNAL:00000063
00401e20,EXTERNAL:00000064
00401e20,EXTERNAL:00000066
00401e20,EXTERNAL:00000067
00401e20,EXTERNAL:00000068
00401e20,EXTERNAL:00000069
00401f80,00401fa0
00401fa0,00402fc0
00401fa0,00402fe0
00401fa0,00403080
00401fa0,004031e0
00401fa0,00403540
00401fa0,0042fbce
00401fa0,0042fbdc
00401fa0,EXTERNAL:0000006a
00401fa0,EXTERNAL:0000006b
00401fa0,EXTERNAL:0000006c
00401fa0,EXTERNAL:0000006d
004020a0,00402fe0
004020a0,0042fbdc
004020d0,00401fa0
004020d0,00402c90
004020d0,00402cf0
004020d0,00402fe0
004020d0,00403590
004020d0,004079e0
004020d0,00407a40
004020d0,00407af0
004020d0,00407e10
004020d0,0042fbdc
004020d0,EXTERNAL:00000001
004020d0,EXTERNAL:0000005c
004020d0,EXTERNAL:00000064
004020d0,EXTERNAL:0000006e
004020d0,EXTERNAL:0000006f
004020d0,EXTERNAL:00000087
00402440,004011b0
00402440,00401700
00402440,00401fa0
00402440,00402600
00402440,00402620
00402440,00402c90
00402440,00402f60
00402440,00403830
00402440,00406c00
00402440,00407af0
00402440,004084b0
00402440,0042a2c0
00402440,EXTERNAL:00000001
00402440,EXTERNAL:0000004a
00402440,EXTERNAL:0000004b
00402440,EXTERNAL:0000004c
00402600,00403480
00402640,EXTERNAL:00000085
00402640,EXTERNAL:00000086
00402700,00401030
00402700,00401e20
00402700,00401f80
00402700,004020a0
00402700,00402440
00402700,00402af0
00402700,00402b00
00402700,00402fe0
00402700,004069c0
00402700,00406ad0
00402700,00406cb0
00402700,00407920
00402700,00407b60
00402700,00407e50
00402700,00408d90
00402700,004092d0
00402700,00409390
00402700,0042a2c0
00402700,0042fbce
00402700,0042fbdc
00402700,0042ffba
00402700,0042ffe2
00402700,004300be
00402700,EXTERNAL:00000001
00402700,EXTERNAL:00000049
00402700,EXTERNAL:00000079
00402700,EXTERNAL:0000007a
00402700,EXTERNAL:0000007b
00402700,EXTERNAL:0000007c
00402700,EXTERNAL:0000007d
00402700,EXTERNAL:0000007e
00402700,EXTERNAL:0000007f
00402700,EXTERNAL:00000080
00402700,EXTERNAL:00000081
00402700,EXTERNAL:00000082
00402700,EXTERNAL:00000083
00402700,EXTERNAL:00000084
00402700,EXTERNAL:0000009e
00402700,EXTERNAL:0000009f
00402700,EXTERNAL:000000a0
00402b00,00406e10
00402b00,0042fb62
00402b00,0042fbb8
00402c20,00402c60
00402c60,004044b0
00402c90,00402c60
00402c90,00402cc0
00402cc0,00404430
00402cc0,00404470
00402cf0,00402c60
00402cf0,00402cc0
00402cf0,00402e10
00402cf0,00404360
00402e10,00402bc0
00402e10,00402c60
00402e10,00403d20
00402e10,00404360
00402e10,00430144
00402f60,00402cc0
00402f60,004044b0
00402ff0,00403720
00403080,00403590
00403080,0042ead0
004031e0,00403590
004031e0,0042ead0
004031e0,EXTERNAL:0000005c
004031e0,EXTERNAL:0000006c
004031e0,EXTERNAL:0000006d
004031e0,EXTERNAL:00000075
004031e0,EXTERNAL:00000076
004031e0,EXTERNAL:00000077
004031e0,EXTERNAL:00000078
004031e0,EXTERNAL:00000079
00403590,EXTERNAL:00000064
00403590,EXTERNAL:00000070
00403590,EXTERNAL:00000071
00403590,EXTERNAL:00000075
004035f0,EXTERNAL:00000040
004035f0,EXTERNAL:0000008a
004035f0,EXTERNAL:0000008e
004035f0,EXTERNAL:0000008f
004035f0,EXTERNAL:00000090
004035f0,EXTERNAL:00000091
00403830,004038d0
00403830,00403b70
004038d0,004035f0
004038d0,00406c00
004038d0,004079e0
004038d0,EXTERNAL:00000074
004038d0,EXTERNAL:00000091
004038d0,EXTERNAL:00000092
00403a70,EXTERNAL:00000088
00403a70,EXTERNAL:00000089
00403b70,004036e0
00403b70,00403a70
00403be0,00403c40
00403be0,0042fb56
00403d20,00403ff0
00403d20,00404510
00403d20,00404530
00403d20,00404560
00403d20,004048e0
00403d20,0042fbce
00403d20,0042fbdc
00403ff0,00404100
00403ff0,0042fbce
00404070,00404090
00404070,0042fbdc
00404090,00404530
00404090,0042fbdc
00404100,00404270
00404100,004048f0
00404100,004049b0
00404270,EXTERNAL:0000004c
004042f0,0042ffc4
00404360,00404100
00404360,00404270
00404360,004042f0
00404360,00404470
00404530,00404b30
00404530,0042fbdc
00404560,00404750
00404560,004048f0
00404560,00404c60
00404560,0042fbce
00404560,0042fbdc
00404560,EXTERNAL:0000000b
00404560,EXTERNAL:0000000c
00404560,EXTERNAL:0000003f
00404560,EXTERNAL:00000041
00404560,EXTERNAL:00000042
00404560,EXTERNAL:00000043
00404750,0042fbce
00404750,0042fbdc
00404750,EXTERNAL:00000002
00404750,EXTERNAL:00000003
00404750,EXTERNAL:00000004
004048f0,EXTERNAL:00000004
004048f0,EXTERNAL:00000005
004048f0,EXTERNAL:00000006
004048f0,EXTERNAL:00000007
004049b0,EXTERNAL:00000005
004049b0,EXTERNAL:00000008
004049b0,EXTERNAL:00000009
00404b30,EXTERNAL:00000002
00404b30,EXTERNAL:00000004
00404b30,EXTERNAL:00000007
00404b30,EXTERNAL:00000008
00404b30,EXTERNAL:0000000a
00404b30,EXTERNAL:0000000b
00404c60,EXTERNAL:00000002
00404c60,EXTERNAL:00000006
00404c60,EXTERNAL:0000000a
00404e10,0042fbdc
00404e30,00406150
00404e30,00406460
00404e30,004303ba
00404e30,00430495
00404e30,EXTERNAL:00000091
00404f90,00406150
00404f90,00406350
00404f90,004063a0
00404f90,00406460
00404f90,004303ba
00404f90,00430495
00405140,00406150
00405140,00406350
00405140,004063a0
00405140,00406460
00405140,004303ba
00405140,00430495
00405140,EXTERNAL:0000008b
00405140,EXTERNAL:0000008c
00405140,EXTERNAL:0000008d
00405140,EXTERNAL:00000098
00405309,00430495
00405309,EXTERNAL:0000008b
00405309,EXTERNAL:0000008c
00405330,EXTERNAL:00000011
00405380,00406150
00405380,00406460
00405380,004303ba
00405380,00430495
00405490,004304d0
00405490,EXTERNAL:00000072
00405490,EXTERNAL:00000099
004056c0,004304d0
004056c0,EXTERNAL:00000061
004057e0,00406150
004057e0,00406350
004057e0,00406460
004057e0,004303ba
004057e0,00430495
004057e0,EXTERNAL:00000012
004057e0,EXTERNAL:00000060
004057e0,EXTERNAL:00000099
004057e0,EXTERNAL:0000009a
004057e0,EXTERNAL:0000009b
004057e0,EXTERNAL:0000009c
00405c40,00406150
00405c40,00406350
00405c40,004063a0
00405c40,00406460
00405c40,0042fbce
00405c40,0042fbdc
00405c40,004303ba
00405c40,00430495
00405c40,EXTERNAL:00000072
00405c40,EXTERNAL:00000073
00405c40,EXTERNAL:00000091
00405c40,EXTERNAL:00000093
00405c40,EXTERNAL:00000094
00405c40,EXTERNAL:00000095
00405ee0,00406150
00405ee0,00406460
00405ee0,0042fbce
00405ee0,0042fbdc
00405ee0,004303ba
00405ee0,00430495
00405ee0,EXTERNAL:0000008e
00405ee0,EXTERNAL:0000008f
00405ee0,EXTERNAL:00000090
00405ee0,EXTERNAL:00000091
00405ee0,EXTERNAL:00000096
00406110,0042fbdc
00406150,00406350
00406150,00406440
00406150,00406460
00406150,00406780
00406150,00406790
00406150,004068a0
00406150,0042fbdc
00406150,00430500
00406150,00439ec9
00406150,0043a0f5
00406350,0042fbdc
004063a0,00406350
004063a0,00406790
004063a0,00439ec9
00406460,00406790
00406460,0042fbdc
00406460,00439ec9
00406580,0042fbdc
00406580,00430441
00406600,00406580
00406600,0042fbdc
00406620,00406350
00406620,00406440
00406620,00406460
00406620,004068a0
00406620,004303f7
00406620,00430500
00406620,0043a0f5
00406790,00406810
00406790,0042fbce
004067e9,0042fbce
00406810,0042fbdc
004068a0,00406350
004068a0,00406790
004068a0,00439ec9
004069c0,00402af0
004069c0,00403770
004069c0,004038d0
004069c0,00406e10
004069c0,0041a700
004069c0,0042fb62
004069c0,0042fbb8
004069c0,EXTERNAL:00000013
004069c0,EXTERNAL:00000014
00406ad0,00403720
00406ad0,0041a700
00406ad0,EXTERNAL:00000013
00406ad0,EXTERNAL:00000014
00406c00,00402af0
00406c00,00402fe0
00406c00,00407b60
00406c00,00409390
00406c00,0042fbdc
00406c00,00430862
00406c00,EXTERNAL:0000007c
00406c00,EXTERNAL:0000007d
00406c00,EXTERNAL:00000083
00406cb0,0042fb62
00406cb0,00430862
00406cb0,00430937
00406cb0,00430a3f
00406cb0,EXTERNAL:0000004a
00406cb0,EXTERNAL:0000004b
00406cb0,EXTERNAL:0000007d
00406e10,00406c00
00406e10,00430a3f
00406eb0,00402af0
00406eb0,00406e10
00406eb0,0042fb62
00406eb0,0042fbb8
00406f60,00402af0
00406f60,00406e10
00406f60,0042fb62
00406f60,0042fbb8
00406fd0,00402af0
00406fd0,00406e10
00406fd0,0042fb62
00406fd0,0042fbb8
00407100,00402af0
00407100,00406e10
00407100,0042fb62
00407100,0042fbb8
00407100,0042ffc4
00407330,00402af0
00407330,00406e10
00407330,0042fb62
00407330,0042fbb8
00407390,00402af0
00407390,00406e10
00407390,0042fb62
00407390,0042fbb8
00407430,00402af0
00407430,00406e10
00407430,0042fb62
00407430,0042fbb8
004074f0,00402af0
004074f0,00406e10
004074f0,0042fb62
004074f0,0042fbb8
00407770,00402af0
00407770,00406e10
00407770,0042fb62
00407770,0042fbb8
004077f0,00402af0
004077f0,00406e10
004077f0,0042fb62
004077f0,0042fbb8
00407870,00402af0
00407870,00406e10
00407870,0042fb62
00407870,0042fbb8
00407920,00406eb0
00407920,00406f60
00407920,00406fd0
00407920,00407100
00407920,00407330
00407920,00407390
00407920,00407430
00407920,004074f0
00407920,00407770
00407920,004077f0
00407920,00407870
00407960,00404360
00407960,00404470
004079e0,004084b0
00407b60,00403720
00407b60,0042d060
00407e50,004036e0
00407e50,00403770
00407e50,004038d0
00407e50,00403b70
00407e50,00403d20
00407e50,00407ac0
00407e50,00407af0
00407e50,00407e10
00407e50,0042d270
00407e50,0042fb50
00407e50,EXTERNAL:00000015
00407e50,EXTERNAL:00000048
00408460,EXTERNAL:0000005a
00408460,EXTERNAL:0000005b
00408460,EXTERNAL:0000005e
00408460,EXTERNAL:0000005f
004084b0,00404360
004084b0,004044b0
004084b0,00407a40
004084b0,00408460
004084b0,00415e50
004084b0,EXTERNAL:00000001
00408d80,EXTERNAL:000000ad
00408d90,EXTERNAL:000000a1
00408e10,00409210
00408e10,EXTERNAL:000000a3
00408ea0,EXTERNAL:000000a4
00408eb0,00406c00
00408eb0,00408450
00408eb0,00409210
00408eb0,EXTERNAL:000000a3
00408f50,00408440
00408f50,EXTERNAL:000000a4
00408f70,EXTERNAL:000000a5
00408f70,EXTERNAL:000000a6
00408f70,EXTERNAL:000000a7
00408f70,EXTERNAL:000000a8
00408f70,EXTERNAL:000000a9
00409070,EXTERNAL:000000a7
00409070,EXTERNAL:000000a8
00409070,EXTERNAL:000000a9
004090d0,00408f50
004090d0,EXTERNAL:000000a5
004090d0,EXTERNAL:000000a6
004090d0,EXTERNAL:000000a7
004090d0,EXTERNAL:000000a8
004090d0,EXTERNAL:000000a9
00409210,004304d0
00409210,EXTERNAL:000000aa
00409260,00408440
00409260,EXTERNAL:000000aa
00409260,EXTERNAL:000000ab
004092a0,00408450
004092a0,00409210
004092a0,EXTERNAL:000000ab
004092d0,00403bb0
004092d0,00403be0
004092d0,0042fbce
004092d0,EXTERNAL:00000059
00409390,00403bc0
00409390,0042fbdc
004093c0,00404360
004093c0,004043f0
004093c0,00404430
004093c0,00409210
00409460,0042fb62
00409460,0042fbce
00409460,0042fbdc
00409460,00430a3f
00409460,00430a52
00409730,00404dd0
00409730,00404e10
00409730,00405380
00409730,00409460
00409730,0042fb5c
00409730,0042fbce
00409730,0042fbdc
00409730,EXTERNAL:00000016
00409730,EXTERNAL:00000074
00409730,EXTERNAL:0000008e
00409730,EXTERNAL:00000090
00409730,EXTERNAL:00000091
00409730,EXTERNAL:00000096
00409730,EXTERNAL:00000097
00409990,00415e50
00409cd0,00402c90
00409cd0,00402cf0
00409cd0,00409730
00409e00,00402c20
00409e00,00402c90
00409e00,00402cf0
00409e00,00403770
00409e00,004038d0
00409e00,00404430
00409e00,00407af0
00409e00,00408440
00409e00,00409990
00409e00,00409c60
00409e00,00409ca0
00409e00,00409cd0
00409e00,0040a530
00409e00,00428010
00409e00,0042cfd0
00409e00,0042ffc4
0040a440,00406e10
0040a440,0042fb62
0040a440,0042fbb8
0040a440,00430144
0040a530,00403720
0040a530,00407af0
0040a530,004280a0
0040a670,004036e0
0040a670,00403770
0040a670,004038d0
0040a670,00403b70
0040a670,004093c0
0040a670,0040a440
0040a670,00430144
0040ac90,0042fb62
0040ac90,00430a3f
0040ac90,00430a52
0040aea0,00406e10
0040aea0,0040d1d0
0040aea0,0042fb62
0040aea0,0042fbb8
0040aea0,00430937
0040aea0,00430a3f
0040b190,00403720
0040b190,0040ac90
0040b190,004280a0
0040b7e0,00402c90
0040b7e0,004036e0
0040b7e0,00403770
0040b7e0,004038d0
0040b7e0,00403b70
0040b7e0,0040aea0
0040d2e0,00428520
0040d470,00402cf0
0040d7d0,00415e50
0040d870,00415e50
0040d900,00415e50
0040da60,0040d7d0
0040da60,0040d870
0040da60,0040d900
0040da60,00415e50
0040db50,0040da60
0040db50,00430b5c
0040dd50,0040dd20
0040dff0,0040dd50
0040e3e0,00407af0
0040e440,00402cf0
0040e440,004036e0
0040e440,00403720
0040e440,00403770
0040e440,004038d0
0040e440,00403b70
0040e440,00407a70
0040e440,00407a90
0040e440,00407af0
0040e440,00409730
0040e440,00409ca0
0040e440,0040d1d0
0040e440,0040d2e0
0040e440,0040d420
0040e440,0040d470
0040e440,0040dbe0
0040e440,0040dc90
0040e440,0040dce0
0040e440,0040dff0
0040e440,0040e3e0
0040e440,00410f70
0040e440,00415d30
0040e440,00428520
0040e440,0042ffc4
0040e440,004304d0
00410d10,00402af0
00410d10,00402c20
00410d10,00402cf0
00410d10,00404430
00410d10,00408440
00410d10,0040b190
00410d10,0040db50
00410d10,0040e2b0
00410d10,0040e440
00410d10,00410f70
00410d10,00428010
00410d10,0042ffc4
00410f70,00402c20
00410f70,00402cf0
00411010,00410fd0
00411080,00410fd0
004110e0,00403720
004111c0,00403720
004111c0,00408ea0
004111c0,00430d2a
004112a0,004036e0
004112a0,00403770
004112a0,004038d0
004112a0,00403b70
004115c0,004036e0
004115c0,00403770
004115c0,004038d0
004115c0,00403b70
004115c0,00406e10
004115c0,00408e10
004115c0,0042fb62
004115c0,00430937
004115c0,00430d2a
004115c0,00430d93
00411b10,00403720
00411b10,00407af0
00411b10,004110e0
00411b10,004111c0
00411b10,0042fb62
00411b10,00430a3f
00411b10,00430a52
00411c80,004036e0
00411c80,00403770
00411c80,004038d0
00411c80,00403b70
00411c80,00403d20
00411c80,00406e10
00411c80,004093c0
00411c80,004112a0
00411c80,0042fb62
00411c80,0042fbb8
00411c80,00430937
00411c80,00430a3f
004126f0,00402cf0
004126f0,00407af0
004126f0,0042ffc4
00412b80,00411080
00412b80,00412b50
00412bd0,00402cf0
00412bd0,004036e0
00412bd0,00403770
00412bd0,004038d0
00412bd0,00403b70
00412bd0,00407af0
00412bd0,00411080
00412bd0,00412b50
00412bd0,0042ffc4
00412d50,00402cf0
00412d50,00407af0
00412d50,00411010
00412d50,00412b50
00412d50,0042ffc4
00412e50,00402cf0
00412e50,00411010
00412e50,00415d30
00412e50,00415d70
00412e50,00415e50
00412e50,004304d0
00413450,00402c20
00413450,00402c60
00413450,00402c90
00413450,00402cf0
00413450,00404430
00413450,00404470
00413450,00408d80
00413450,00408f70
00413450,00413420
00413450,0041fc60
00413450,0042ffc4
00413450,EXTERNAL:00000013
00413450,EXTERNAL:00000014
004138a0,00402c20
004138a0,00402c90
004138a0,00402cf0
004138a0,00409730
004138a0,0042ffc4
00413b60,00402cf0
00413b60,004036e0
00413b60,00403770
00413b60,004038d0
00413b60,00403b70
00413b60,00407af0
00413f10,00402af0
00413f10,00402c20
00413f10,00402c90
00413f10,00402cf0
00413f10,00403540
00413f10,00404360
00413f10,00404430
00413f10,00404470
00413f10,00407af0
00413f10,00408440
00413f10,00408450
00413f10,00408d80
00413f10,00408eb0
00413f10,00408f70
00413f10,004090d0
00413f10,004110e0
00413f10,004115c0
00413f10,00411b10
00413f10,004126f0
00413f10,00412b80
00413f10,00412bd0
00413f10,00412d50
00413f10,00412e50
00413f10,00413450
00413f10,004138a0
00413f10,00413b60
00413f10,00428010
00413f10,0042cfd0
00413f10,0042ffc4
00413f10,EXTERNAL:00000013
00413f10,EXTERNAL:00000014
00414410,00403720
00414410,00407af0
00414410,004280a0
004145f0,004036e0
004145f0,00403770
004145f0,004038d0
004145f0,00403b70
004145f0,004159f0
00414a60,00414a30
00414a60,0042ffc4
00414a60,004304d0
00415080,00402cf0
00415080,00414a30
00415080,00415d30
00415080,0042ffc4
00415080,004304d0
00415830,00402c20
00415830,00402cf0
00415830,00404430
00415830,00408440
00415830,00414410
00415830,00414a60
00415830,00415080
00415830,00428010
00415830,0042cfd0
004159f0,00406e10
004159f0,0042fb62
004159f0,0042fbb8
00415cb0,00406e10
00415cb0,0042fb62
00415cb0,0042fbb8
00415d70,004304d0
00416370,00415e50
00416370,004304d0
00416370,00430b5c
00416a30,00402c60
00416a30,00402cf0
00416a30,00415d30
00416a30,00415d70
00416a30,004169a0
00416a30,00428520
00416a30,0042ffc4
00416a30,004304d0
004182b0,00402c20
004182b0,00402cf0
004182b0,00404430
004182b0,00408440
004182b0,00415d30
004182b0,00415d70
004182b0,00416370
004182b0,004169a0
004182b0,00416a30
004182b0,00419390
004182b0,00428010
004182b0,00428520
004182b0,0042cfd0
004182b0,0042ffc4
004182b0,004304d0
00419390,00403720
00419390,004280a0
00419600,004036e0
00419600,00403770
00419600,004038d0
00419600,00403b70
00419600,004093c0
00419600,00415cb0
00419600,0042ffc4
00419600,004304d0
0041a390,00403720
0041a390,004280a0
0041a4e0,00406e10
0041a4e0,0042fb62
0041a4e0,0042fbb8
0041a4e0,00430e50
0041a700,00430e90
0041a730,004036e0
0041a730,00403770
0041a730,004038d0
0041a730,00403b70
0041a730,00403d20
0041a730,004093c0
0041a730,0041a4e0
0041a730,0041a700
0041a730,0042ffc4
0041a730,EXTERNAL:00000013
0041a730,EXTERNAL:00000014
0041af60,00415d30
0041af60,00415d70
0041af60,0041ae90
0041af60,0041aeb0
0041af60,004304d0
0041b140,00415d30
0041b140,00415d70
0041b140,0041af60
0041b140,004304d0
0041bf80,0041a700
0041bf80,004304d0
0041bf80,EXTERNAL:00000013
0041bf80,EXTERNAL:00000014
0041c110,00402cf0
0041c110,00415e50
0041c110,0041bf80
0041c110,0042ffc4
0041c110,004304d0
0041c710,0041bf80
0041c9f0,00415d30
0041c9f0,0041c9f0
0041c9f0,004304d0
0041cbe0,0041c9f0
0041cc20,00415d30
0041cc20,00415d70
0041cc20,004304d0
0041ccb0,00402cf0
0041ccb0,00415d30
0041ccb0,0041cbe0
0041ccb0,0041cc20
0041ccb0,00423260
0041ccb0,0042ffc4
0041ccb0,004304d0
0041d4d0,00402c20
0041d4d0,00402c60
0041d4d0,00402c90
0041d4d0,00402cf0
0041d4d0,00404360
0041d4d0,00404430
0041d4d0,004044b0
0041d4d0,00408440
0041d4d0,0041a390
0041d4d0,0041a700
0041d4d0,0041b140
0041d4d0,0041c110
0041d4d0,0041c710
0041d4d0,0041ccb0
0041d4d0,00428010
0041d4d0,0042cfd0
0041d4d0,EXTERNAL:00000013
0041d4d0,EXTERNAL:00000014
0041d7c0,00406e10
0041d7c0,0042fb62
0041d7c0,0042fbb8
0041d920,00403720
0041d920,00407af0
0041d920,0042fb62
0041d920,00430a3f
0041d920,00430a52
0041db20,004036e0
0041db20,00403770
0041db20,004038d0
0041db20,00403b70
0041db20,00403d20
0041db20,004093c0
0041db20,0041d7c0
0041db20,0042fb62
0041db20,00430937
0041db20,00430a3f
0041db20,00430f00
0041f090,00415e50
0041f090,0042ffc4
0041f430,0041f3a0
0041f4b0,00404360
0041f4b0,0041f3a0
0041f550,00404360
0041f550,00407af0
0041f550,0041f3f0
0041f550,0041f430
0041f550,0041f4b0
0041f6e0,00404360
0041f6e0,00407af0
0041f6e0,0041f3f0
0041f6e0,0041f430
0041f820,00402c20
0041f820,00402c90
0041f820,00402cf0
0041f820,004036e0
0041f820,00403770
0041f820,004038d0
0041f820,00403b70
0041f820,00404430
0041f820,00407af0
0041f820,0042ffc4
0041fc90,00404360
0041fc90,00404430
0041fc90,00404470
0041fc90,004044b0
0041fc90,00415e50
0041fc90,0041f090
0041fc90,0041fc60
0041fc90,EXTERNAL:00000013
0041fc90,EXTERNAL:00000014
00420030,00402af0
00420030,00402cf0
00420030,00404360
00420030,00404430
00420030,00404470
00420030,004044b0
00420030,00407af0
00420030,00408440
00420030,0041d920
00420030,0041f090
00420030,0041f550
00420030,0041f6e0
00420030,0041f820
00420030,0041fb90
00420030,0041fc90
00420030,004282c0
00420030,00428470
00420030,0042cfd0
00420030,EXTERNAL:00000013
00420030,EXTERNAL:00000014
00420360,00403720
00420360,004280a0
00420560,00406e10
00420560,0042fb62
00420560,0042fbb8
00420560,00430e50
004207e0,004036e0
004207e0,00403770
004207e0,004038d0
004207e0,00403b70
004207e0,004093c0
004207e0,0041a700
004207e0,00420560
004207e0,0042ffc4
004207e0,00430144
004207e0,EXTERNAL:00000013
004207e0,EXTERNAL:00000014
004211a0,00415d30
004211a0,00415d70
004211a0,0041ae90
004211a0,004304d0
00421360,00402cf0
00421360,00415d30
00421360,00415d70
00421360,004211a0
00421360,00423610
00421360,0042ffc4
00421360,004304d0
00422760,00402c60
00422760,00402cf0
00422760,0042ffc4
004227f0,00415e50
004227f0,0041a700
004227f0,00422400
004227f0,004225e0
004227f0,00422760
004227f0,004304d0
004227f0,EXTERNAL:00000013
004227f0,EXTERNAL:00000014
00423030,00415d30
00423030,00423030
00423030,004304d0
00423220,00423030
00423260,00415d30
00423260,004304d0
004232b0,00415d30
004232b0,00415d70
004232b0,004304d0
00423470,00402c60
00423470,00402cf0
00423470,00415d30
00423470,0042ffc4
00423470,004304d0
00423630,00402cf0
00423630,00423220
00423630,00423260
00423630,004232b0
00423630,00423470
00423630,0042ffc4
00423be0,00402c20
00423be0,00402c90
00423be0,00402cf0
00423be0,0042ffc4
00423f40,00402c90
00423f40,00402cf0
00423f40,00404430
00423f40,00408440
00423f40,00420360
00423f40,00421360
00423f40,004227f0
00423f40,00422dd0
00423f40,00423630
00423f40,00423be0
00423f40,00428010
00423f40,0042cfd0
00424100,00403720
00424100,00408ea0
00424100,00430d2a
00424230,00406e10
00424230,0042fb62
00424230,0042fbb8
00424360,004036e0
00424360,00403770
00424360,004038d0
00424360,00403b70
00424360,00406e10
00424360,00408e10
00424360,00424230
00424360,0042fb62
00424360,0042fbb8
00424360,00430937
00424360,00430d2a
00424360,00430d93
00424690,00402c20
00424690,00402c90
00424690,00402cf0
00424690,00409070
00424690,00424c80
00424690,0042ffc4
00424690,EXTERNAL:000000a5
00424690,EXTERNAL:000000a6
00424690,EXTERNAL:000000ad
00424c80,EXTERNAL:000000a6
00424c80,EXTERNAL:000000a7
00424c80,EXTERNAL:000000a8
00424c80,EXTERNAL:000000a9
00424c80,EXTERNAL:000000ac
00424c80,EXTERNAL:000000ad
00424d10,00402cf0
00424d10,00404430
00424d10,00408440
00424d10,0041a390
00424d10,00424100
00424d10,00424690
00424d10,00428010
00424d10,0042cfd0
00424e20,00406e10
00424e20,0042fb62
00424e20,0042fbb8
00424f00,00403720
00424f00,00407af0
00424f00,004280a0
00425160,004036e0
00425160,00403770
00425160,004038d0
00425160,00403b70
00425160,00404430
00425160,00424e20
00425160,00426f30
00425160,0042ffc4
00425f40,00402af0
00425f40,004259d0
00425f40,0042ffc4
004267b0,00402c60
004267b0,00415e50
004267b0,00425980
004267b0,00425f40
004267b0,0042ffc4
00426f30,0042ffc4
00427320,00426f30
004273f0,00402c90
004273f0,00402cf0
004273f0,00427270
004273f0,0042ffc4
004279f0,00402af0
004279f0,00402c20
004279f0,00402c90
004279f0,00402cf0
004279f0,00408440
004279f0,00424f00
004279f0,00425780
004279f0,004267b0
004279f0,00427320
004279f0,004273f0
004279f0,00428010
004279f0,0042cfd0
004279f0,0042ffc4
00427c30,00402c20
00427c30,00402cf0
00427c30,00409ca0
00427c30,004282c0
00427c30,00428470
00427c30,0042ffc4
00428010,00403d20
00428010,00404360
00428010,00404430
004280a0,00404430
004280d0,00403720
004280d0,00408ea0
004280d0,00430d2a
00428120,00402c20
00428120,00402cf0
00428120,00408d80
00428120,00408f70
004281d0,00406e10
004281d0,00408e10
004281d0,0042fb62
004281d0,00430937
004281d0,00430d2a
004281d0,00430d93
004282c0,00402c90
004282c0,00402cf0
004282c0,00404430
004282c0,00407af0
00428470,00402cf0
00428600,00402af0
00428600,00402c20
00428600,00402c90
00428600,00402cf0
00428600,00403500
00428600,004036e0
00428600,00403770
00428600,004038d0
00428600,00403b70
00428600,00408440
00428600,00428520
00428ed0,00402c90
00428ed0,00403720
00429150,00402af0
00429150,004036e0
00429150,00403770
00429150,004038d0
00429150,00403b70
00429150,00407960
00429150,004079c0
00429150,00430144
00429150,00430f2f
00429500,00403720
00429500,00407ac0
00429500,004092a0
00429500,004294d0
00429800,00402c20
00429800,00402c90
00429800,00402cf0
00429800,00407ac0
00429800,00407af0
00429800,004092a0
00429800,004093c0
00429800,004294d0
00429800,004304d0
00429aa0,00402c20
00429aa0,00402c90
00429aa0,00402cf0
00429aa0,00407ac0
00429aa0,004092a0
00429aa0,0042ffc4
00429c90,00403720
00429c90,00407ac0
00429c90,004092a0
00429c90,0040db50
00429c90,00412e50
00429c90,0041f090
00429c90,004294d0
00429c90,0042db70
00429fe0,00402cf0
00429fe0,00407ac0
00429fe0,004092a0
0042a1a0,00408eb0
0042a1a0,004090d0
0042a240,00408eb0
0042a240,004090d0
0042a2c0,00402af0
0042a2c0,00402c20
0042a2c0,00402c60
0042a2c0,00402c90
0042a2c0,00402cf0
0042a2c0,004036e0
0042a2c0,00403720
0042a2c0,00403770
0042a2c0,004038d0
0042a2c0,00403b70
0042a2c0,00403d20
0042a2c0,00404360
0042a2c0,00404430
0042a2c0,00407960
0042a2c0,004079c0
0042a2c0,00408430
0042a2c0,00408eb0
0042a2c0,004090d0
0042a2c0,00409260
0042a2c0,00409e00
0042a2c0,0040a530
0042a2c0,0040a670
0042a2c0,0040b7e0
0042a2c0,00410d10
0042a2c0,004111c0
0042a2c0,004112a0
0042a2c0,00411c80
0042a2c0,00413f10
0042a2c0,004145f0
0042a2c0,00415830
0042a2c0,004182b0
0042a2c0,00419600
0042a2c0,0041a730
0042a2c0,0041d4d0
0042a2c0,0041db20
0042a2c0,00420030
0042a2c0,004207e0
0042a2c0,00423f40
0042a2c0,00424360
0042a2c0,00424d10
0042a2c0,00425160
0042a2c0,004279f0
0042a2c0,00427c30
0042a2c0,00428010
0042a2c0,004280a0
0042a2c0,004280d0
0042a2c0,00428120
0042a2c0,004281d0
0042a2c0,004282c0
0042a2c0,00428470
0042a2c0,00428600
0042a2c0,00428e30
0042a2c0,00428ed0
0042a2c0,00429150
0042a2c0,00429500
0042a2c0,00429800
0042a2c0,00429aa0
0042a2c0,00429c90
0042a2c0,00429fe0
0042a2c0,0042a1a0
0042a2c0,0042a240
0042a2c0,0042cfd0
0042a2c0,0042db70
0042a2c0,0042dcc0
0042a2c0,0042e110
0042cfd0,00402c90
0042cfd0,00402cf0
0042cfd0,00404430
0042d060,00403720
0042d060,0042fb62
0042d060,00430144
0042d060,00430a3f
0042d060,00430fb8
0042d270,004036e0
0042d270,00403770
0042d270,004038d0
0042d270,00403b70
0042d270,00406e10
0042d270,0042fb62
0042d270,0042fbb8
0042d270,00430144
0042d270,00430a3f
0042dcc0,00402c20
0042dcc0,00402cf0
0042dcc0,00403720
0042dcc0,00403770
0042dcc0,004038d0
0042e110,00402c20
0042e110,00402c60
0042e110,00402c90
0042e110,00402cf0
0042e110,004036e0
0042e110,00403770
0042e110,004038d0
0042e110,00403b70
0042e110,00404430
0042e110,00407af0
0042e110,00408440
0042e110,004282c0
0042e110,00428470
0042e110,0042fb62
0042e110,0042ffc4
0042e110,00430a3f
0042fb62,00430d2a
0042fb62,00431129
0042fb62,004311dc
0042fb62,00431242
0042fbb8,00431314
0042fbce,00430da5
0042fbdc,00430d2a
0042fc29,0043a220
0042fc78,00431dc5
0042fcae,004325c0
0042fd02,00431dc5
0042fddb,0042fc29
0042fddb,00431dc5
0042fe50,00432662
0042fecc,0043a220
0042ff0e,0042ffa2
0042ffe2,004326b8
0042ffe2,EXTERNAL:00000014
0042ffe2,EXTERNAL:0000003c
0042ffe2,EXTERNAL:0000003d
004300be,0043277a
004300be,004327e1
004300be,EXTERNAL:00000038
004300be,EXTERNAL:00000039
004300be,EXTERNAL:0000003a
004300be,EXTERNAL:0000003b
00430144,0043285c
00430144,00432971
00430196,004301ae
00430196,0043317b
00430196,004331cb
0043039e,0042fbdc
0043039e,00430441
004303ba,0042fbce
004303ba,00433630
004303ba,00433720
004303f7,0042fbce
004303f7,00433630
004303f7,00433720
00430441,0042fbdc
00430464,00430d2a
00430479,0042fbdc
00430479,00430464
00430495,EXTERNAL:00000037
00430835,00430196
00430835,0043091d
00430862,00430884
00430873,00430884
00430884,0043091d
00430884,EXTERNAL:00000034
00430884,EXTERNAL:00000035
00430884,EXTERNAL:00000036
00430937,00433888
00430937,00433961
00430937,00433b60
00430a1f,00433e95
00430a1f,00434005
00430a3f,00430a1f
00430a52,00431242
00430a52,0043285c
00430a52,00433b60
00430a52,0043407d
00430b5c,00430cb0
00430b5c,00430cfe
00430cb0,00430cfe
00430d2a,00434444
00430d2a,0043446f
00430d2a,0043519f
00430d2a,004351f6
00430d2a,EXTERNAL:00000033
00430d93,00430da5
00430da5,00430dd1
00430da5,00435610
00430dd1,00434798
00430dd1,0043523b
00430dd1,EXTERNAL:00000032
00430f2f,00430f5c
00430fb8,00432971
00430fb8,004356a5
00430fb8,00435732
00430fea,00402700
00430fea,00430835
00430fea,00430862
00430fea,00431105
00430fea,0043439f
00430fea,0043576f
00430fea,004358f3
00430fea,0043594b
00430fea,00435a04
00430fea,00435c51
00430fea,00435d83
00430fea,EXTERNAL:0000002f
00430fea,EXTERNAL:00000030
00430fea,EXTERNAL:00000031
00430fea,EXTERNAL:00000048
004310e0,00430873
004310e0,00436010
004310e0,00436049
00431105,00436010
00431105,00436049
00431105,EXTERNAL:00000036
00431129,0043277a
00431129,004362a8
00431129,00436322
00431129,EXTERNAL:0000003b
00431129,EXTERNAL:00000046
004311dc,00430d2a
00431207,00431242
00431207,004312a7
00431207,0043635f
00431242,0043407d
004312a7,00431207
00431314,00431d39
00431314,00431d70
00431314,00431d8a
00431314,00431da1
00431314,0043646f
00431314,00436540
00431314,00436598
00431314,004365c0
00431314,00436640
00431314,00436680
00431314,00437bf1
00431d39,004365c0
00431d70,00433888
00431d8a,0043669f
00431da1,00431d70
00431da1,00436598
00431dc5,00431e60
00431dc5,0043210c
00431dc5,00432662
00431e60,0042fe50
00431e60,00432007
00431e60,004320af
00431e60,004321c0
00431e60,00432535
00431e60,0043260c
00431e60,00432662
00431e60,0043670d
00432007,0042fd27
00432007,0042fe50
00432007,004321c0
004320af,004337a0
0043210c,004325c0
0043210c,00432662
004321c0,0042fbe7
004321c0,0042fc29
004321c0,0043210c
004321c0,0043223b
004321c0,00432371
0043223b,0042fcae
0043223b,00432301
00432301,0042ff76
00432301,00432535
00432371,0042fc1b
00432371,0042fc22
00432371,00430500
00432371,0043259c
00432371,00432662
00432371,0043670d
00432371,00436729
00432371,00436745
00432535,0042fc1b
004325c0,0042ff99
0043260c,0043675d
00432662,0043260c
004326b8,00436774
004326b8,004369e7
004327e1,004370b3
0043285c,0043407d
0043285c,004372d7
0043285c,00437371
0043285c,004373b5
00432971,00430e90
00432971,004330b2
00432971,004330e7
00432971,00433118
00432971,00433150
00432971,0043315d
00432971,0043316d
00432971,00433720
00432971,00435630
00432971,004373db
00432971,00437bf1
004330b2,0043285c
004330e7,004330b2
00433118,004330b2
0043317b,00437478
004331cb,0043318d
004331cb,EXTERNAL:0000002e
004331cb,EXTERNAL:00000048
004331f4,004365c0
004331f4,004375a9
004332b4,00437a06
004332b4,00437a33
004332f2,0043360a
004332f2,00433630
004332f2,00437a60
004332f2,00437ad7
004333f6,0043360a
004333f6,00436540
004333f6,00437a60
004333f6,00437ad7
004334d4,0043356f
004334d4,00433596
004334d4,00437a60
004334d4,00437ad7
0043356f,004332f2
00433596,004333f6
004335b9,004332f2
004335b9,004333f6
004335b9,004334d4
0043360a,00430500
0043360a,00433720
00433824,0043260c
00433824,00436745
00433888,00433961
00433888,00437371
00433961,0043277a
00433961,004372d7
00433961,EXTERNAL:0000003b
00433961,EXTERNAL:00000045
00433e95,00437bfa
00434005,00430d93
0043407d,0043277a
0043407d,004372d7
0043407d,EXTERNAL:0000002c
0043407d,EXTERNAL:0000003b
0043422a,EXTERNAL:00000048
00434257,00430e50
00434257,00430f00
00434257,0043422a
00434257,00437eb3
00434257,004380f0
00434257,004381b0
00434257,EXTERNAL:00000012
00434257,EXTERNAL:0000002a
00434257,EXTERNAL:0000002b
0043439f,00434257
0043439f,004343fc
0043439f,00434f43
0043439f,EXTERNAL:00000028
0043439f,EXTERNAL:00000029
004343fc,EXTERNAL:00000032
0043446f,00430500
0043446f,EXTERNAL:00000027
0043446f,EXTERNAL:00000033
00434798,00434aa1
00434798,00434b52
00434aa1,EXTERNAL:00000025
00434aa1,EXTERNAL:00000026
00434aa1,EXTERNAL:00000032
00434aa1,EXTERNAL:00000033
00434b52,EXTERNAL:00000026
00434f43,00436540
00434f43,EXTERNAL:00000026
00434f43,EXTERNAL:00000027
00434f43,EXTERNAL:00000032
00434f43,EXTERNAL:00000033
00435087,EXTERNAL:00000027
00435087,EXTERNAL:00000033
004350dd,00435087
004350dd,EXTERNAL:00000027
004351f6,004350dd
0043523b,00434f43
0043523b,00435443
0043523b,00436540
0043523b,EXTERNAL:00000026
004356a5,00430d93
004356a5,004373b5
00435732,00431242
0043576f,004358b0
0043576f,EXTERNAL:00000023
004358f3,00437097
004358f3,00438230
0043594b,00430d2a
0043594b,00430d93
0043594b,004310e0
0043594b,00433630
0043594b,00433720
0043594b,00437097
00435a04,00430d93
00435a04,004310e0
00435a04,00435a9d
00435a04,00437097
00435a04,EXTERNAL:0000002b
00435c51,00430d2a
00435c51,00430d93
00435c51,00433b60
00435c51,EXTERNAL:00000010
00435c51,EXTERNAL:0000001f
00435c51,EXTERNAL:00000020
00435c51,EXTERNAL:00000021
00435c51,EXTERNAL:00000022
00435d83,00430d93
00435d83,004310e0
00435d83,EXTERNAL:0000001c
00435d83,EXTERNAL:0000001d
00435d83,EXTERNAL:0000001e
00435d83,EXTERNAL:00000031
00435ff5,0042ff0e
00436010,00436049
00436049,004302a0
00436049,00433630
00436049,00433640
00436049,00433720
00436049,00438272
00436049,EXTERNAL:0000001d
00436049,EXTERNAL:0000002b
00436049,EXTERNAL:0000002c
0043619c,00430d93
00436231,EXTERNAL:0000001b
004362a8,EXTERNAL:0000001b
0043635f,00436322
0043635f,EXTERNAL:0000001a
0043635f,EXTERNAL:0000003b
0043646f,EXTERNAL:00000024
00436598,004365c0
004365c0,00438404
0043669f,00437371
0043670d,EXTERNAL:00000019
00436729,EXTERNAL:00000058
00436745,EXTERNAL:00000018
0043675d,00430873
0043675d,00436049
0043675d,0043854d
00436774,00436789
00436789,004302a0
00436789,00430d2a
00436789,00430d93
00436789,00433630
00436789,00433720
00436789,004337a0
00436789,004386bf
00436789,0043874a
00436789,EXTERNAL:00000010
00436789,EXTERNAL:0000003d
004369e7,00436b93
00436cd3,00436e6c
00436cd3,00436eb6
00436cd3,00436ee9
00436cd3,00436f12
00436cd3,EXTERNAL:00000017
00436f12,004370b3
00436f12,00438404
00436f12,EXTERNAL:00000017
00437097,00436cd3
004370b3,00430f00
004370b3,0043991a
004370b3,EXTERNAL:00000010
004370b3,EXTERNAL:00000024
004370b3,EXTERNAL:0000004f
004370b3,EXTERNAL:00000050
004372d7,0043277a
004372d7,00436322
004372d7,EXTERNAL:0000003b
004372d7,EXTERNAL:00000051
00437371,00430d93
004373db,EXTERNAL:00000010
00437443,0043748e
00437443,00437520
00437478,00437443
004375a9,004365c0
004375a9,004370b3
004376bd,004387c7
00437713,00437674
00437713,004376bd
0043786e,00437713
0043786e,0043779f
0043786e,004377ba
0043786e,004377c6
0043786e,004377e1
004379da,0043786e
004379f0,0043786e
00437a06,004379da
00437a06,00438968
00437a33,004379f0
00437a33,00438968
00437a60,00430500
00437a60,00433720
00437ad7,00437b3b
00437ad7,00438e39
00437bf1,004310e0
00437bfa,00431129
00437bfa,0043277a
00437bfa,00433961
00437bfa,0043619c
00437bfa,00436231
00437bfa,004372d7
00437bfa,004390cc
00437bfa,EXTERNAL:0000001c
00437bfa,EXTERNAL:0000003b
00437bfa,EXTERNAL:00000044
00437bfa,EXTERNAL:00000046
00437eb3,00437eca
00437eca,004365c0
00437eca,00439212
00438230,00438241
00438272,EXTERNAL:0000002e
00438272,EXTERNAL:00000052
004382fb,00434798
004382fb,0043523b
004382fb,00435610
004382fb,00436540
004382fb,EXTERNAL:00000032
00438404,00430f00
00438404,00436540
00438404,EXTERNAL:00000024
00438404,EXTERNAL:00000053
00438404,EXTERNAL:00000054
0043854d,00430873
0043854d,0043867a
004386bf,004365c0
0043874a,00433720
0043874a,004392de
0043874a,0043931d
004387e8,004387c7
004388a1,004387e8
004388a1,00438846
00438968,004365c0
00438968,004388a1
00438968,004395ab
00438e39,00433630
00438e39,004387e8
00438e39,00438846
00438e39,00438874
00438e39,0043938b
00438e39,004395ab
004390cc,00430f00
004390cc,0043407d
004390cc,00436322
004390cc,00436540
004390cc,004372d7
004390cc,00439627
004390cc,EXTERNAL:0000003b
004390cc,EXTERNAL:00000055
00439212,004365c0
00439212,004370b3
004392de,0043969d
0043931d,00430d93
0043931d,00439945
0043931d,EXTERNAL:00000010
0043938b,004387c7
0043938b,00438846
0043938b,00438874
004395ab,0043938b
0043969d,00430f00
0043969d,0043991a
0043969d,EXTERNAL:00000017
0043969d,EXTERNAL:00000024
0043969d,EXTERNAL:00000056
0043969d,EXTERNAL:00000057
00439945,00430d2a
00439945,00430d93
00439945,00433630
00439945,00433720
00439945,0043931d
00439945,00439acc
00439945,00439b24
00439945,00439b8b
00439945,00439e2b
00439945,EXTERNAL:0000003a
00439acc,004392de
00439b24,00430d93
00439b24,004310e0
00439b24,00439e9e
00439b8b,00430d2a
00439b8b,00430d93
00439b8b,00433b60
00439b8b,00434444
00439b8b,0043446f
00439b8b,00434798
00439b8b,00434c4d
00439b8b,0043519f
00439b8b,004351f6
00439b8b,0043523b
00439b8b,00435567
00439b8b,00435610
00439b8b,EXTERNAL:00000025
00439b8b,EXTERNAL:00000032
00439e2b,004380f0
00439e9e,00430d93
00439e9e,00433630
00439e9e,00433720
00439ec9,00406350
00439ec9,004063a0
00439ec9,00430495
00439ec9,00433720
00439ec9,00439f23
00439ec9,0043a228
00439f23,00406150
00439f23,00406350
00439f23,004303ba
00439f23,0043a228
00439f94,00430495
00439f94,0043a00a
00439fb1,00406350
00439fb1,00430441
00439fb1,0043a228
00439fee,0042fbdc
00439fee,00439fb1
0043a00a,00406150
0043a00a,00406350
0043a00a,004303f7
0043a00a,0043a228
0043a067,00406350
0043a067,00430441
0043a067,0043a228
0043a0a4,00430495
0043a0a4,0043a0dd
0043a0dd,0043a00a
0043a0f5,00406350
0043a0f5,004063a0
0043a0f5,00430495
0043a0f5,00433720
0043a0f5,00439f23
0043a0f5,0043a228
0043a14f,00406350
0043a14f,00430441
0043a14f,0043a228
0043a18c,00430495
0043a18c,0043a1c5
0043a1c5,0043a00a
0043a2f5,00434444
0043a2f5,0043519f
0043a2f5,EXTERNAL:00000047
0043a360,0042fbdc
0043a380,0042fbdc
0043a38e,0042fbdc
0043a3b0,00406110
0043a3b8,00430441
0043a3d0,00406110
0043a3d8,00430441
0043a3e0,00406110
0043a3e8,00430441
0043a400,00406110
0043a408,00430441
0043a410,00406110
0043a418,00430441
0043a430,00406110
0043a438,00430441
0043a450,00406110
0043a45b,00430441
0043a466,00406110
0043a471,00430441
0043a47c,00406110
0043a487,00430441
0043a492,00406110
0043a49d,00430441
0043a4c0,00406110
0043a4c8,00430441
0043a4d0,00406110
0043a4d8,00430441
0043a4f0,00406110
0043a4fb,00430441
0043a510,00430441
0043a540,0042fbdc
0043a560,00404e10
0043a578,00406110
0043a58c,00430441
0043a5a0,00430441
0043a5b4,00430441
0043a5c8,00430441
0043a5dc,00406110
0043a5f0,00430441
