address,name,namespace
EXTERNAL:00000001,timeGetTime,WINMM.DLL
EXTERNAL:00000002,mmioAscend,WINMM.DLL
EXTERNAL:00000003,mmioRead,WINMM.DLL
EXTERNAL:00000004,mmioDescend,WINMM.DLL
EXTERNAL:00000005,mmioGetInfo,WINMM.DLL
EXTERNAL:00000006,mmioCreateChunk,WINMM.DLL
EXTERNAL:00000007,mmioSeek,WINMM.DLL
EXTERNAL:00000008,mmioSetInfo,WINMM.DLL
EXTERNAL:00000009,mmioAdvance,WINMM.DLL
EXTERNAL:0000000a,mmioWrite,WINMM.DLL
EXTERNAL:0000000b,mmioClose,WINMM.DLL
EXTERNAL:0000000c,mmioOpenA,WINMM.DLL
EXTERNAL:0000000d,DirectDrawCreateEx,DDRAW.DLL
EXTERNAL:0000000e,DirectInput8Create,DINPUT8.DLL
EXTERNAL:0000000f,Ordinal_11,DSOUND.DLL
EXTERNAL:00000010,WideCharToMultiByte,KERNEL32.DLL
EXTERNAL:00000011,lstrcpynA,KERNEL32.DLL
EXTERNAL:00000012,GetVersionExA,KERNEL32.DLL
EXTERNAL:00000013,SystemTimeToFileTime,KERNEL32.DLL
EXTERNAL:00000014,GetSystemTime,KERNEL32.DLL
EXTERNAL:00000015,CreateEventA,KERNEL32.DLL
EXTERNAL:00000016,GlobalFree,KERNEL32.DLL
EXTERNAL:00000017,GetCPInfo,KERNEL32.DLL
EXTERNAL:00000018,IsBadCodePtr,KERNEL32.DLL
EXTERNAL:00000019,IsBadReadPtr,KERNEL32.DLL
EXTERNAL:0000001a,FlushFileBuffers,KERNEL32.DLL
EXTERNAL:0000001b,SetStdHandle,KERNEL32.DLL
EXTERNAL:0000001c,GetFileType,KERNEL32.DLL
EXTERNAL:0000001d,GetStdHandle,KERNEL32.DLL
EXTERNAL:0000001e,SetHandleCount,KERNEL32.DLL
EXTERNAL:0000001f,GetEnvironmentStringsW,KERNEL32.DLL
EXTERNAL:00000020,GetEnvironmentStrings,KERNEL32.DLL
EXTERNAL:00000021,FreeEnvironmentStringsW,KERNEL32.DLL
EXTERNAL:00000022,FreeEnvironmentStringsA,KERNEL32.DLL
EXTERNAL:00000023,UnhandledExceptionFilter,KERNEL32.DLL
EXTERNAL:00000024,MultiByteToWideChar,KERNEL32.DLL
EXTERNAL:00000025,HeapReAlloc,KERNEL32.DLL
EXTERNAL:00000026,VirtualAlloc,KERNEL32.DLL
EXTERNAL:00000027,VirtualFree,KERNEL32.DLL
EXTERNAL:00000028,HeapCreate,KERNEL32.DLL
EXTERNAL:00000029,HeapDestroy,KERNEL32.DLL
EXTERNAL:0000002a,GetEnvironmentVariableA,KERNEL32.DLL
EXTERNAL:0000002b,GetModuleFileNameA,KERNEL32.DLL
EXTERNAL:0000002c,WriteFile,KERNEL32.DLL
EXTERNAL:0000002d,SetUnhandledExceptionFilter,KERNEL32.DLL
EXTERNAL:0000002e,GetProcAddress,KERNEL32.DLL
EXTERNAL:0000002f,GetVersion,KERNEL32.DLL
EXTERNAL:00000030,GetCommandLineA,KERNEL32.DLL
EXTERNAL:00000031,GetStartupInfoA,KERNEL32.DLL
EXTERNAL:00000032,HeapAlloc,KERNEL32.DLL
EXTERNAL:00000033,HeapFree,KERNEL32.DLL
EXTERNAL:00000034,GetCurrentProcess,KERNEL32.DLL
EXTERNAL:00000035,TerminateProcess,KERNEL32.DLL
EXTERNAL:00000036,ExitProcess,KERNEL32.DLL
EXTERNAL:00000037,RaiseException,KERNEL32.DLL
EXTERNAL:00000038,SetCurrentDirectoryA,KERNEL32.DLL
EXTERNAL:00000039,GetCurrentDirectoryA,KERNEL32.DLL
EXTERNAL:0000003a,SetEnvironmentVariableA,KERNEL32.DLL
EXTERNAL:0000003b,GetLastError,KERNEL32.DLL
EXTERNAL:0000003c,GetLocalTime,KERNEL32.DLL
EXTERNAL:0000003d,GetTimeZoneInformation,KERNEL32.DLL
EXTERNAL:0000003e,RtlUnwind,KERNEL32.DLL
EXTERNAL:0000003f,SizeofResource,KERNEL32.DLL
EXTERNAL:00000040,OutputDebugStringA,KERNEL32.DLL
EXTERNAL:00000041,FindResourceA,KERNEL32.DLL
EXTERNAL:00000042,LoadResource,KERNEL32.DLL
EXTERNAL:00000043,LockResource,KERNEL32.DLL
EXTERNAL:00000044,CreateFileA,KERNEL32.DLL
EXTERNAL:00000045,ReadFile,KERNEL32.DLL
EXTERNAL:00000046,CloseHandle,KERNEL32.DLL
EXTERNAL:00000047,HeapSize,KERNEL32.DLL
EXTERNAL:00000048,GetModuleHandleA,KERNEL32.DLL
EXTERNAL:00000049,GetTickCount,KERNEL32.DLL
EXTERNAL:0000004a,GetDriveTypeA,KERNEL32.DLL
EXTERNAL:0000004b,GetVolumeInformationA,KERNEL32.DLL
EXTERNAL:0000004c,Sleep,KERNEL32.DLL
EXTERNAL:0000004d,GetACP,KERNEL32.DLL
EXTERNAL:0000004e,GetOEMCP,KERNEL32.DLL
EXTERNAL:0000004f,LCMapStringA,KERNEL32.DLL
EXTERNAL:00000050,LCMapStringW,KERNEL32.DLL
EXTERNAL:00000051,SetFilePointer,KERNEL32.DLL
EXTERNAL:00000052,LoadLibraryA,KERNEL32.DLL
EXTERNAL:00000053,GetStringTypeA,KERNEL32.DLL
EXTERNAL:00000054,GetStringTypeW,KERNEL32.DLL
EXTERNAL:00000055,SetEndOfFile,KERNEL32.DLL
EXTERNAL:00000056,CompareStringA,KERNEL32.DLL
EXTERNAL:00000057,CompareStringW,KERNEL32.DLL
EXTERNAL:00000058,IsBadWritePtr,KERNEL32.DLL
EXTERNAL:00000059,EndDialog,USER32.DLL
EXTERNAL:0000005a,GetKeyboardLayout,USER32.DLL
EXTERNAL:0000005b,GetKeyboardState,USER32.DLL
EXTERNAL:0000005c,GetWindowRect,USER32.DLL
EXTERNAL:0000005d,UpdateWindow,USER32.DLL
EXTERNAL:0000005e,MapVirtualKeyExA,USER32.DLL
EXTERNAL:0000005f,ToAsciiEx,USER32.DLL
EXTERNAL:00000060,IsRectEmpty,USER32.DLL
EXTERNAL:00000061,IntersectRect,USER32.DLL
EXTERNAL:00000062,ShowWindow,USER32.DLL
EXTERNAL:00000063,CreateWindowExA,USER32.DLL
EXTERNAL:00000064,GetSystemMetrics,USER32.DLL
EXTERNAL:00000065,LoadAcceleratorsA,USER32.DLL
EXTERNAL:00000066,RegisterClassExA,USER32.DLL
EXTERNAL:00000067,LoadCursorA,USER32.DLL
EXTERNAL:00000068,LoadIconA,USER32.DLL
EXTERNAL:00000069,FindWindowA,USER32.DLL
EXTERNAL:0000006a,SetMenu,USER32.DLL
EXTERNAL:0000006b,LoadMenuA,USER32.DLL
EXTERNAL:0000006c,SetWindowLongA,USER32.DLL
EXTERNAL:0000006d,GetWindowLongA,USER32.DLL
EXTERNAL:0000006e,DefWindowProcA,USER32.DLL
EXTERNAL:0000006f,PostMessageA,USER32.DLL
EXTERNAL:00000070,GetClientRect,USER32.DLL
EXTERNAL:00000071,ClientToScreen,USER32.DLL
EXTERNAL:00000072,GetDC,USER32.DLL
EXTERNAL:00000073,ReleaseDC,USER32.DLL
EXTERNAL:00000074,LoadImageA,USER32.DLL
EXTERNAL:00000075,SetRect,USER32.DLL
EXTERNAL:00000076,GetMenu,USER32.DLL
EXTERNAL:00000077,AdjustWindowRectEx,USER32.DLL
EXTERNAL:00000078,SetWindowPos,USER32.DLL
EXTERNAL:00000079,SystemParametersInfoA,USER32.DLL
EXTERNAL:0000007a,DestroyWindow,USER32.DLL
EXTERNAL:0000007b,SetWindowsHookExA,USER32.DLL
EXTERNAL:0000007c,PostQuitMessage,USER32.DLL
EXTERNAL:0000007d,MessageBoxA,USER32.DLL
EXTERNAL:0000007e,PeekMessageA,USER32.DLL
EXTERNAL:0000007f,GetMessageA,USER32.DLL
EXTERNAL:00000080,TranslateAcceleratorA,USER32.DLL
EXTERNAL:00000081,TranslateMessage,USER32.DLL
EXTERNAL:00000082,DispatchMessageA,USER32.DLL
EXTERNAL:00000083,UnhookWindowsHookEx,USER32.DLL
EXTERNAL:00000084,WaitMessage,USER32.DLL
EXTERNAL:00000085,GetKeyState,USER32.DLL
EXTERNAL:00000086,CallNextHookEx,USER32.DLL
EXTERNAL:00000087,SetCursor,USER32.DLL
EXTERNAL:00000088,GetPixel,GDI32.DLL
EXTERNAL:00000089,SetPixel,GDI32.DLL
EXTERNAL:0000008a,BitBlt,GDI32.DLL
EXTERNAL:0000008b,EndDoc,GDI32.DLL
EXTERNAL:0000008c,EndPage,GDI32.DLL
EXTERNAL:0000008d,StartPage,GDI32.DLL
EXTERNAL:0000008e,CreateCompatibleDC,GDI32.DLL
EXTERNAL:0000008f,DeleteDC,GDI32.DLL
EXTERNAL:00000090,SelectObject,GDI32.DLL
EXTERNAL:00000091,GetObjectA,GDI32.DLL
EXTERNAL:00000092,DeleteObject,GDI32.DLL
EXTERNAL:00000093,GetDIBits,GDI32.DLL
EXTERNAL:00000094,RealizePalette,GDI32.DLL
EXTERNAL:00000095,SelectPalette,GDI32.DLL
EXTERNAL:00000096,GetDIBColorTable,GDI32.DLL
EXTERNAL:00000097,CreatePalette,GDI32.DLL
EXTERNAL:00000098,StartDocA,GDI32.DLL
EXTERNAL:00000099,GetDeviceCaps,GDI32.DLL
EXTERNAL:0000009a,StretchDIBits,GDI32.DLL
EXTERNAL:0000009b,SetStretchBltMode,GDI32.DLL
EXTERNAL:0000009c,Escape,GDI32.DLL
EXTERNAL:0000009d,PrintDlgA,COMDLG32.DLL
EXTERNAL:0000009e,RegOpenKeyExA,ADVAPI32.DLL
EXTERNAL:0000009f,RegQueryValueExA,ADVAPI32.DLL
EXTERNAL:000000a0,RegCloseKey,ADVAPI32.DLL
EXTERNAL:000000a1,_BinkSetSoundSystem@8,BINKW32.DLL
EXTERNAL:000000a2,_BinkOpenDirectSound@4,BINKW32.DLL
EXTERNAL:000000a3,_BinkOpen@8,BINKW32.DLL
EXTERNAL:000000a4,_BinkClose@4,BINKW32.DLL
EXTERNAL:000000a5,_BinkWait@4,BINKW32.DLL
EXTERNAL:000000a6,_BinkNextFrame@4,BINKW32.DLL
EXTERNAL:000000a7,_BinkCopyToBuffer@28,BINKW32.DLL
EXTERNAL:000000a8,_BinkDDSurfaceType@4,BINKW32.DLL
EXTERNAL:000000a9,_BinkDoFrame@4,BINKW32.DLL
EXTERNAL:000000aa,_BinkSetVolume@12,BINKW32.DLL
EXTERNAL:000000ab,_BinkPause@8,BINKW32.DLL
EXTERNAL:000000ac,_BinkGetKeyFrame@12,BINKW32.DLL
EXTERNAL:000000ad,_BinkGoto@12,BINKW32.DLL
