address,name,body_bytes,callers,callees,decompiled,file,error
00401000,PlayHelpVoice,39,2,2,1,00401000.c,
00401030,LoadHelpInfo,376,1,3,1,00401030.c,
004011b0,EnterContextualHelpMode,1349,1,1,1,004011B0.c,
00401700,UpdateContextualHelpMode,1816,1,4,1,00401700.c,
00401e20,CreateMainGameWindow,343,1,9,1,00401E20.c,
00401f80,InitializeDisplayForGameWindow,30,1,1,1,00401F80.c,
00401fa0,CreateOrResetDisplayManager,253,3,11,1,00401FA0.c,
004020a0,DestroyDisplayManager,39,1,2,1,004020A0.c,
004020d0,MainWindowProc,816,0,16,1,004020D0.c,
00402440,RunActiveGameFrame,443,1,16,1,00402440.c,
00402600,PresentGameFrame,22,1,1,1,00402600.c,
00402620,RestoreAllDirectDrawSurfaces,25,1,0,1,00402620.c,
00402640,FullscreenSystemKeyHook,153,0,2,1,00402640.c,
00402700,WinMain,1004,1,40,1,00402700.c,
00402af0,NoOpLegacyHook,1,22,0,1,00402AF0.c,
00402b00,SoundManagerConstructor,182,1,3,1,00402B00.c,
00402bc0,ReleaseSoundSlot,82,1,0,1,00402BC0.c,
00402c20,AnyManagedSoundPlaying,49,21,1,1,00402C20.c,
00402c60,IsSoundIdPlaying,44,12,1,1,00402C60.c,
00402c90,StopAllManagedSounds,48,25,2,1,00402C90.c,
00402cc0,StopSoundSlot,40,3,2,1,00402CC0.c,
00402cf0,PlayManagedSoundById,278,47,4,1,00402CF0.c,
00402e10,AcquireAndPlaySound,333,1,5,1,00402E10.c,
00402f60,ReapFinishedSounds,81,1,2,1,00402F60.c,
00402fc0,DisplayManagerConstructor,23,1,0,1,00402FC0.c,
00402fe0,DisplayManagerDestructor,11,5,0,1,00402FE0.c,
00402ff0,ReleaseDisplayResources,131,0,1,1,00402FF0.c,
00403080,InitializeFullscreenDisplay,347,1,2,1,00403080.c,
004031e0,InitializeWindowedDisplay,662,1,10,1,004031E0.c,
00403480,PresentDisplay,128,1,0,1,00403480.c,
00403500,BltFastToBackBuffer,49,1,0,1,00403500.c,
00403540,ClearBackBuffer,80,2,0,1,00403540.c,
00403590,UpdateDisplayDestinationRect,88,3,4,1,00403590.c,
004035f0,CopyBitmapToSurface,225,1,6,1,004035F0.c,
004036e0,MarkRegisteredSurfaceColorKeyed,49,23,0,1,004036E0.c,
00403720,UnregisterBitmapSurface,75,23,0,1,00403720.c,
00403770,RegisterBitmapSurface,179,25,0,1,00403770.c,
00403830,ReloadRegisteredBitmapSurfaces,149,1,2,1,00403830.c,
004038d0,LoadBitmapToDirectDrawSurface,414,26,6,1,004038D0.c,
00403a70,FUN_00403a70,249,1,2,1,00403A70.c,
00403b70,SetSurfaceTransparencyColorKey,60,23,2,1,00403B70.c,
00403bb0,CSoundManager_Constructor,9,1,0,1,00403BB0.c,
00403bc0,CSoundManager_Destructor,23,1,0,1,00403BC0.c,
00403be0,CSoundManager_Initialize,85,1,2,1,00403BE0.c,
00403c40,CSoundManager_SetPrimaryBufferFormat,214,1,0,1,00403C40.c,
00403d20,CSoundManager_Create,713,7,7,1,00403D20.c,
00403ff0,CSound_Constructor,123,1,2,1,00403FF0.c,
00404070,CSound_ScalarDeletingDestructor,30,0,2,1,00404070.c,
00404090,CSound_Destructor,109,1,2,1,00404090.c,
00404100,CSound_FillBufferWithSound,360,2,3,1,00404100.c,
00404270,CSound_RestoreBuffer,118,2,1,1,00404270.c,
004042f0,CSound_GetFreeBuffer,111,1,1,1,004042F0.c,
00404360,CSound_Play,134,14,4,1,00404360.c,
004043f0,CSound_SetVolume,61,1,0,1,004043F0.c,
00404430,CSound_Stop,58,21,0,1,00404430.c,
00404470,CSound_Reset,60,7,0,1,00404470.c,
004044b0,CSound_IsSoundPlaying,88,6,0,1,004044B0.c,
00404510,CWaveFile_Constructor,19,1,0,1,00404510.c,
00404530,CWaveFile_Destructor,41,2,2,1,00404530.c,
00404560,CWaveFile_Open,484,1,11,1,00404560.c,
00404750,CWaveFile_ReadMMIO,400,1,5,1,00404750.c,
004048e0,CWaveFile_GetSize,4,1,0,1,004048E0.c,
004048f0,CWaveFile_ResetFile,182,2,4,1,004048F0.c,
004049b0,CWaveFile_Read,381,1,3,1,004049B0.c,
00404b30,CWaveFile_Close,290,1,6,1,00404B30.c,
00404c60,FUN_00404c60,359,1,3,1,00404C60.c,
00404dd0,BitmapPrinterConstructor,58,1,0,1,00404DD0.c,
00404e10,BitmapPrinterDestructor,17,2,1,1,00404E10.c,
00404e30,BitmapPrinterSetBitmap,341,0,5,1,00404E30.c,
00404f90,BitmapPrinterRenderToDC,425,0,6,1,00404F90.c,
00405140,BitmapPrinterPrintDocument,457,0,10,1,00405140.c,
00405309,Catch@00405309,26,0,3,1,00405309.c,
00405330,BitmapPrinterSetDocumentName,23,0,1,1,00405330.c,
00405350,BitmapPrinterSetTargetRect,47,0,0,1,00405350.c,
00405380,BitmapPrinterSetScaleMode,256,1,4,1,00405380.c,
00405490,BitmapPrinterComputeTargetRect,554,0,3,1,00405490.c,
004056c0,MapClippedPrintRectToSource,275,0,2,1,004056C0.c,
004057e0,BitmapPrinterStretchDIBToPrinter,1105,0,11,1,004057E0.c,
00405c40,BitmapPrinterImportDDB,664,0,14,1,00405C40.c,
00405ee0,BitmapPrinterImportDIBSection,556,0,11,1,00405EE0.c,
00406110,FUN_00406110,62,15,1,1,00406110.c,
00406150,MsvcStringAssignSubstring,512,9,10,1,00406150.c,
00406350,MsvcStringTidy,72,15,1,1,00406350.c,
004063a0,MsvcStringAssignBuffer,156,5,3,1,004063A0.c,
00406440,MsvcStringSetEnd,17,2,0,1,00406440.c,
00406460,MsvcStringGrow,282,9,3,1,00406460.c,
00406580,FUN_00406580,75,1,2,1,00406580.c,
00406600,FUN_00406600,30,0,2,1,00406600.c,
00406620,FUN_00406620,349,0,7,1,00406620.c,
00406780,FUN_00406780,6,1,0,1,00406780.c,
00406790,MsvcStringAllocateCopyBuffer,89,4,2,1,00406790.c,
004067e9,Catch@004067e9,33,0,1,1,004067E9.c,
00406810,FUN_00406810,136,1,1,1,00406810.c,
004068a0,MsvcStringDetachSharedBuffer,201,2,3,1,004068A0.c,
00406970,BitmapPrinterGetDocumentName,4,0,0,1,00406970.c,
00406980,BitmapPrinterGetTargetRect,39,0,0,1,00406980.c,
004069b0,BitmapPrinterGetScaleMode,7,0,0,1,004069B0.c,
004069c0,LoadCreditsSlideshow,271,1,9,1,004069C0.c,
00406ad0,UpdateCreditsSlideshow,294,1,4,1,00406AD0.c,
00406c00,AbortForRemovedRetailCD,176,4,9,1,00406C00.c,
00406cb0,FUN_00406cb0,348,1,7,1,00406CB0.c,
00406e10,OpenGameDataFileWithCDFallback,145,28,2,1,00406E10.c,
00406eb0,LoadHelpWavTable,172,1,4,1,00406EB0.c,
00406f60,LoadNumUiHotAreaTable,98,1,4,1,00406F60.c,
00406fd0,LoadUiHotAreas,295,1,4,1,00406FD0.c,
00407100,LoadUiHotAreaReplacements,559,1,5,1,00407100.c,
00407330,LoadUiBitmapNames,90,1,4,1,00407330.c,
00407390,LoadOptionsConfig,150,1,4,1,00407390.c,
00407430,LoadPlayAgainOverlayData,180,1,4,1,00407430.c,
004074f0,LoadQuitConfirmationData,640,1,4,1,004074F0.c,
00407770,LoadVideoSequence,122,1,4,1,00407770.c,
004077f0,LoadBinkWalkthroughTable,121,1,4,1,004077F0.c,
00407870,LoadStartupAndCompletionMovies,172,1,4,1,00407870.c,
00407920,LoadGlobalDataTables,61,1,11,1,00407920.c,
00407960,BeginLoadingCursorAnimation,92,2,2,1,00407960.c,
004079c0,EndLoadingCursorAnimation,23,2,0,1,004079C0.c,
004079e0,UpdateLoadingCursorAnimation,96,2,1,1,004079E0.c,
00407a40,DrawLoadingCursorAnimation,39,2,0,1,00407A40.c,
00407a70,SetCursorHotspotOffset,20,1,0,1,00407A70.c,
00407a90,ClearCursorHotspotAndClampNonnegative,41,1,0,1,00407A90.c,
00407ac0,ResetMouseBoundsToGameViewport,36,6,0,1,00407AC0.c,
00407af0,SetCursorSurface,100,24,0,1,00407AF0.c,
00407b60,ReleaseInputAndCursorResources,683,2,2,1,00407B60.c,
00407e10,UpdateDirectInputAcquireState,62,2,0,1,00407E10.c,
00407e50,InitializeDirectInput,1492,1,12,1,00407E50.c,
00408430,FUN_00408430,11,1,0,1,00408430.c,
00408440,EnableInputProcessing,11,14,0,1,00408440.c,
00408450,DisableInputProcessing,11,3,0,1,00408450.c,
00408460,FUN_00408460,67,1,4,1,00408460.c,
004084b0,PollDirectInputAndUpdateState,2255,2,6,1,004084B0.c,
00408d80,RestartBinkMovie,16,3,1,1,00408D80.c,
00408d90,InitializeBinkPlaybackSystem,117,1,1,1,00408D90.c,
00408e10,OpenBinkMovieWithFallback,141,3,2,1,00408E10.c,
00408ea0,CloseBinkMovie,12,3,1,1,00408EA0.c,
00408eb0,OpenGlobalBinkMovie,159,4,4,1,00408EB0.c,
00408f50,CloseGlobalBinkMovie,27,1,2,1,00408F50.c,
00408f70,DecodeAndBlitBinkFrame,251,3,5,1,00408F70.c,
00409070,DecodeAndBlitBinkFrameNoAdvance,96,1,3,1,00409070.c,
004090d0,UpdateGlobalBinkMovie,308,4,6,1,004090D0.c,
00409210,ApplyGlobalBinkVolume,74,4,2,1,00409210.c,
00409260,PauseGlobalBinkMovie,50,1,3,1,00409260.c,
004092a0,ResumeGlobalBinkMovie,39,5,3,1,004092A0.c,
004092d0,FUN_004092d0,183,1,4,1,004092D0.c,
00409390,ShutdownDirectSound8,44,2,2,1,00409390.c,
004093c0,ApplyGlobalGameVolume,158,7,4,1,004093C0.c,
00409460,ExportBackBufferToPrintBitmap,720,1,5,1,00409460.c,
00409730,ExportAndPrintGameImage,607,3,14,1,00409730.c,
00409990,DrawDinoActivity,708,1,1,1,00409990.c,
00409c60,IsDinoCursorNearPoint,50,1,0,1,00409C60.c,
00409ca0,IsDinoCursorInsideRect,43,4,0,1,00409CA0.c,
00409cd0,UpdateDinoPrintButton,294,1,3,1,00409CD0.c,
00409e00,UpdateDinoActivity,1590,1,16,1,00409E00.c,
0040a440,LoadDinoLevelData,225,1,4,1,0040A440.c,
0040a530,UnloadDinoActivityResources,315,2,3,1,0040A530.c,
0040a670,InitializeDinoActivity,1556,1,7,1,0040A670.c,
0040ac90,SaveParkDesignerData,527,1,3,1,0040AC90.c,
0040aea0,LoadParkDesignerData,742,1,6,1,0040AEA0.c,
0040b190,UnloadParkDesignerActivityResources,1607,1,3,1,0040B190.c,
0040b7e0,InitializeParkDesignerActivity,6630,1,6,1,0040B7E0.c,
0040d1d0,ApplyParkDesignerSeason,258,2,0,1,0040D1D0.c,
0040d2e0,FindTopmostParkDesignerObjectAtCursor,307,1,1,1,0040D2E0.c,
0040d420,HitTestParkDesignerToolbar,69,1,0,1,0040D420.c,
0040d470,DrawParkDesignerToolbarAndHover,313,1,1,1,0040D470.c,
0040d5b0,CompareParkDesignerObjectsForDraw,461,0,0,1,0040D5B0.c,
0040d780,CompareParkDesignerObjectsBySortLayer,78,0,0,1,0040D780.c,
0040d7d0,DrawParkDesignerSegmentedPondSurface,158,1,1,1,0040D7D0.c,
0040d870,DrawParkDesignerPondSurfaceSegment,140,1,1,1,0040D870.c,
0040d900,UpdateAndDrawParkDesignerFountain,338,1,1,1,0040D900.c,
0040da60,DrawSortedParkDesignerObjects,231,1,4,1,0040DA60.c,
0040db50,DrawParkDesignerActivity,132,2,2,1,0040DB50.c,
0040dbe0,RefreshParkDesignerObjectGeometry,171,1,0,1,0040DBE0.c,
0040dc90,ClearPondPrimaryObjectsBySelector,78,1,0,1,0040DC90.c,
0040dce0,ClearBandstandObjectsByCategorySelector,61,1,0,1,0040DCE0.c,
0040dd20,PointInsideRectExclusive,42,1,0,1,0040DD20.c,
0040dd50,ParkDesignerRectanglesDoNotOverlapBySamplePoints,665,1,1,1,0040DD50.c,
0040dff0,CanPlaceParkDesignerObjectWithoutOverlap,700,1,1,1,0040DFF0.c,
0040e2b0,CompactParkDesignerObjectRecordFamilies,294,1,0,1,0040E2B0.c,
0040e3e0,FinishParkDesignerObjectDrag,84,1,1,1,0040E3E0.c,
0040e440,UpdateParkDesignerEditorInteraction,10433,1,25,1,0040E440.c,
00410d10,UpdateParkDesignerActivity,603,1,12,1,00410D10.c,
00410f70,PlayInputInterruptibleParkDesignerVoice,90,2,2,1,00410F70.c,
00410fd0,CanPlaceFireworkGridItem,63,2,0,1,00410FD0.c,
00411010,PlaceFireworkGridItem,109,2,1,1,00411010.c,
00411080,RemoveFireworkGridItem,86,2,1,1,00411080.c,
004110e0,UnloadFireworksEditorResources,210,2,1,1,004110E0.c,
004111c0,UnloadFireworkMovieBank,217,2,3,1,004111C0.c,
004112a0,LoadFireworksEditorResources,796,2,4,1,004112A0.c,
004115c0,LoadFireworkMovieBank,1355,1,10,1,004115C0.c,
00411b10,SaveFireworksLayoutAndUnloadResources,363,1,7,1,00411B10.c,
00411c80,InitializeFireworksActivity,2664,1,12,1,00411C80.c,
004126f0,HitTestFireworksEditorRegions,1117,1,3,1,004126F0.c,
00412b50,DecodeSelectedFireworkGridCell,46,3,0,1,00412B50.c,
00412b80,DeleteFireworkAtSelectedRegion,68,1,2,1,00412B80.c,
00412bd0,BeginFireworksEditorAction,372,1,9,1,00412BD0.c,
00412d50,CompleteFireworksEditorAction,254,1,5,1,00412D50.c,
00412e50,DrawFireworksEditor,1482,2,6,1,00412E50.c,
00413420,FileTimeDeltaMilliseconds,34,1,0,1,00413420.c,
00413450,UpdateFireworksShowPlayback,1102,1,13,1,00413450.c,
004138a0,DrawFireworksCertificateScreen,701,1,5,1,004138A0.c,
00413b60,UpdateFireworksEditorControls,942,1,6,1,00413B60.c,
00413f10,UpdateFireworksActivity,1208,1,31,1,00413F10.c,
00414410,UnloadGolfActivityResources,472,1,3,1,00414410.c,
004145f0,InitializeGolfActivity,1077,1,5,1,004145F0.c,
00414a30,VectorFromDegreesAndMagnitude,43,2,0,1,00414A30.c,
00414a60,DrawGolfActivity,1566,1,3,1,00414A60.c,
00415080,UpdateGolfGameplay,1953,1,5,1,00415080.c,
00415830,UpdateGolfActivity,444,1,9,1,00415830.c,
004159f0,LoadGolfData,695,1,3,1,004159F0.c,
00415cb0,LoadHerdingCoordinateData,119,1,3,1,00415CB0.c,
00415d30,DistanceBetweenIntegerPoints,63,16,0,1,00415D30.c,
00415d70,AngleBetweenIntegerPointsDegrees,212,9,1,1,00415D70.c,
00415e50,BlitColorKeyedSurfaceClipped,927,13,0,1,00415E50.c,
00416310,CompareHerdingEntitiesByDepth,88,0,0,1,00416310.c,
00416370,DrawHerdingActivity,1573,1,3,1,00416370.c,
004169a0,AnyRectCornerInsideRect,142,2,0,1,004169A0.c,
00416a30,UpdateHerdingAnimal,6141,1,8,1,00416A30.c,
004182b0,UpdateHerdingActivity,4317,1,15,1,004182B0.c,
00419390,UnloadHerdingActivityResources,609,1,2,1,00419390.c,
00419600,InitializeHerdingActivity,3458,1,8,1,00419600.c,
0041a390,UnloadMazeActivityResources,331,2,2,1,0041A390.c,
0041a4e0,LoadMazeData,542,1,4,1,0041A4E0.c,
0041a700,Divide64BitDeltaByTenMillion,39,7,1,1,0041A700.c,
0041a730,InitializeMazeActivity,1886,1,11,1,0041A730.c,
0041ae90,FloatAbs,29,2,0,1,0041AE90.c,
0041aeb0,DebounceMazeDirectionalInput,176,1,0,1,0041AEB0.c,
0041af60,ComputeMazePlayerInputDirection,471,1,5,1,0041AF60.c,
0041b140,UpdateMazePlayerMovement,3635,1,4,1,0041B140.c,
0041bf80,DrawMazeTimer,399,2,4,1,0041BF80.c,
0041c110,DrawMazeActivity,1536,1,5,1,0041C110.c,
0041c710,DrawMazeScreenTransition,724,1,1,1,0041C710.c,
0041c9f0,SearchMazePathRecursive,490,2,3,1,0041C9F0.c,
0041cbe0,FindMazeShortestPath,49,1,1,1,0041CBE0.c,
0041cc20,MoveMazeActorTowardNode,143,1,3,1,0041CC20.c,
0041ccb0,UpdateMazeSpudNPC,2042,1,7,1,0041CCB0.c,
0041d4d0,UpdateMazeActivity,737,1,18,1,0041D4D0.c,
0041d7c0,LoadGrandOpeningMachineData,352,1,3,1,0041D7C0.c,
0041d920,SaveAndUnloadBobsBandActivity,508,1,5,1,0041D920.c,
0041db20,InitializeBobsBandActivity,5477,1,11,1,0041DB20.c,
0041f090,DrawGrandOpeningCompositionAndMachines,775,3,2,1,0041F090.c,
0041f3a0,CanPlaceGrandOpeningEvent,74,2,0,1,0041F3A0.c,
0041f3f0,DecodeBobsBandGridCell,49,2,0,1,0041F3F0.c,
0041f430,RemoveGrandOpeningEventAtCell,122,2,1,1,0041F430.c,
0041f4b0,PlaceGrandOpeningEvent,147,1,2,1,0041F4B0.c,
0041f550,UpdateBobsBandBrickCursorAndDelete,385,1,5,1,0041F550.c,
0041f6e0,HandleBobsBandEditorAction,318,1,4,1,0041F6E0.c,
0041f820,UpdateGrandOpeningToolbar,862,1,10,1,0041F820.c,
0041fb90,HitTestBobsBandRegions,208,1,0,1,0041FB90.c,
0041fc60,FileTimeDeltaCentiseconds,34,2,0,1,0041FC60.c,
0041fc90,PlayAndDrawGrandOpeningComposition,918,1,9,1,0041FC90.c,
00420030,UpdateBobsBandActivity,757,1,20,1,00420030.c,
00420360,UnloadSpudMazeActivityResources,507,1,2,1,00420360.c,
00420560,LoadSpudMazeData,630,1,4,1,00420560.c,
004207e0,InitializeSpudMazeActivity,2492,1,11,1,004207E0.c,
004211a0,ComputeSpudMazeBobInputDirection,442,1,4,1,004211A0.c,
00421360,UpdateSpudMazeBobMovement,4246,1,7,1,00421360.c,
00422400,UpdateSpudMazeBobAnimation,472,1,0,1,00422400.c,
004225e0,UpdatePilchardAnimation,369,1,0,1,004225E0.c,
00422760,MaybePlayRandomSpudVoice,140,1,3,1,00422760.c,
004227f0,DrawAndUpdateSpudMazeScene,1486,1,8,1,004227F0.c,
00422dd0,DrawSpudMazeScreenTransition,596,1,0,1,00422DD0.c,
00423030,SearchShortestSpudMazeGraphPath,490,2,3,1,00423030.c,
00423220,BuildShortestSpudMazeGraphPath,49,1,1,1,00423220.c,
00423260,DistanceFromActorToCurrentScreenNode,77,2,2,1,00423260.c,
004232b0,MovePilchardTowardGraphNode,442,1,3,1,004232B0.c,
00423470,HandlePilchardCollisionAndHammerDrop,410,1,5,1,00423470.c,
00423610,ResetPilchardSpawnDelay,21,1,0,1,00423610.c,
00423630,UpdateSpudMazePilchard,1412,1,6,1,00423630.c,
00423be0,UpdateSpudMazeMrBentleyNarrationSequence,835,1,4,1,00423BE0.c,
00423f40,UpdateSpudMazeActivity,438,1,12,1,00423F40.c,
00424100,UnloadSpudSkateActivityResources,291,1,3,1,00424100.c,
00424230,LoadSpudSkateTimingData,290,1,3,1,00424230.c,
00424360,InitializeSpudSkateActivity,814,1,12,1,00424360.c,
00424690,UpdateAndDrawSpudSkatePlayback,1514,1,9,1,00424690.c,
00424c80,SeekAndDecodeBinkToExactFrame,133,1,6,1,00424C80.c,
00424d10,UpdateSpudSkateActivity,271,1,8,1,00424D10.c,
00424e20,LoadSquirrelData,215,1,3,1,00424E20.c,
00424f00,UnloadSquirrelActivityResources,601,1,3,1,00424F00.c,
00425160,InitializeSquirrelActivity,1565,1,8,1,00425160.c,
00425780,UpdateAndDrawSquirrelLevelTransition,511,1,0,1,00425780.c,
00425980,BuildSquirrelFrameRect,74,1,0,1,00425980.c,
004259d0,SelectSquirrelPlacementMotionProfile,1379,1,0,1,004259D0.c,
00425f40,UpdateAndDrawSquirrelRunAssembly,2156,1,3,1,00425F40.c,
004267b0,DrawAndUpdateSquirrelActivityScene,1918,1,5,1,004267B0.c,
00426f30,GenerateSquirrelConveyorChoices,819,2,1,1,00426F30.c,
00427270,StepSquirrelPlacementActorTowardTarget,162,1,0,1,00427270.c,
00427320,UpdateSquirrelConveyorSlideCycle,203,1,1,1,00427320.c,
004273f0,UpdateSquirrelPlacementInteraction,1524,1,4,1,004273F0.c,
004279f0,UpdateSquirrelActivity,575,1,13,1,004279F0.c,
00427c30,UpdateProgressScreen,991,1,6,1,00427C30.c,
00428010,PlayActivityMusicByIndex,143,10,3,1,00428010.c,
004280a0,StopActivityMusic,42,8,1,1,004280A0.c,
004280d0,CloseWalkthroughMovie,72,1,3,1,004280D0.c,
00428120,UpdateWalkthroughMovie,175,1,4,1,00428120.c,
004281d0,OpenWalkthroughMovie,225,1,6,1,004281D0.c,
004282c0,UpdateHelpButtonController,423,4,4,1,004282C0.c,
00428470,UpdateGenericHelpHoverVoice,167,4,1,1,00428470.c,
00428520,PointInPolygon,212,5,0,1,00428520.c,
00428600,UpdateGenericUIScreenInteraction,2083,1,11,1,00428600.c,
00428e30,DrawGenericUIScreen,150,1,0,1,00428E30.c,
00428ed0,UnloadGenericUIScreenResources,628,1,2,1,00428ED0.c,
00429150,LoadGenericUIScreenResources,890,1,9,1,00429150.c,
004294d0,PointInRectInclusive,42,3,0,1,004294D0.c,
00429500,UpdatePlayAgainPrompt,759,1,4,1,00429500.c,
00429800,UpdateOptionsOverlay,662,1,9,1,00429800.c,
00429aa0,UpdateQuitConfirmationOverlay,485,1,6,1,00429AA0.c,
00429c90,UpdateYesNoConfirmationOverlay,834,1,8,1,00429C90.c,
00429fe0,UpdateLeaveActivityConfirmation,433,1,3,1,00429FE0.c,
0042a1a0,UpdateStartupVideoSequence,158,1,2,1,0042A1A0.c,
0042a240,UpdateSceneSetMovie,128,1,2,1,0042A240.c,
0042a2c0,RunMainGameFlow,10923,2,65,1,0042A2C0.c,
0042cfd0,PreparePlayAgainTransition,135,10,3,1,0042CFD0.c,
0042d060,SaveAndUnloadPlayerProfiles,523,1,5,1,0042D060.c,
0042d270,InitializeAndLoadPlayerProfiles,2297,1,9,1,0042D270.c,
0042db70,DrawEnterNamePopup,324,2,0,1,0042DB70.c,
0042dcc0,UpdateEnterNamePopup,1100,1,5,1,0042DCC0.c,
0042e110,UpdatePlayerProfileScreen,2495,1,16,1,0042E110.c,
0042ead0,DirectDrawCreateEx,6,2,0,1,0042EAD0.c,
0042fb50,DirectInput8Create,6,1,0,1,0042FB50.c,
0042fb56,Ordinal_11,6,1,0,1,0042FB56.c,
0042fb5c,PrintDlgA,6,1,0,1,0042FB5C.c,
0042fb62,crt_fclose,86,36,4,1,0042FB62.c,
0042fbb8,crt_fscanf,22,26,1,1,0042FBB8.c,
0042fbce,operator_new,14,15,1,1,0042FBCE.c,
0042fbdc,FUN_0042fbdc,11,32,1,1,0042FBDC.c,
0042fbe7,FUN_0042fbe7,45,1,0,1,0042FBE7.c,
0042fc1b,FUN_0042fc1b,7,2,0,1,0042FC1B.c,
0042fc22,FUN_0042fc22,7,1,0,1,0042FC22.c,
0042fc29,FUN_0042fc29,79,2,1,1,0042FC29.c,
0042fc78,FUN_0042fc78,54,0,1,1,0042FC78.c,
0042fcae,FUN_0042fcae,84,1,1,1,0042FCAE.c,
0042fd02,FUN_0042fd02,37,0,1,1,0042FD02.c,
0042fd27,FUN_0042fd27,180,1,0,1,0042FD27.c,
0042fddb,FUN_0042fddb,114,0,2,1,0042FDDB.c,
0042fe50,FUN_0042fe50,123,2,1,1,0042FE50.c,
0042fecc,__global_unwind2,32,0,1,1,0042FECC.c,
0042ff0e,__local_unwind2,104,1,1,1,0042FF0E.c,
0042ff76,__abnormal_termination,35,1,0,1,0042FF76.c,
0042ff99,__NLG_Notify1,9,1,0,1,0042FF99.c,
0042ffa2,FUN_0042ffa2,24,1,0,1,0042FFA2.c,
0042ffba,FUN_0042ffba,10,1,0,1,0042FFBA.c,
0042ffc4,FUN_0042ffc4,30,37,0,1,0042FFC4.c,
0042ffe2,FUN_0042ffe2,220,1,4,1,0042FFE2.c,
004300be,FUN_004300be,134,1,6,1,004300BE.c,
00430144,crt_sprintf,82,7,2,1,00430144.c,
00430196,FUN_00430196,23,1,3,1,00430196.c,
004301ae,FUN_004301ae,56,1,0,1,004301AE.c,
004302a0,_strncpy,254,2,0,1,004302A0.c,
0043039e,FUN_0043039e,28,0,2,1,0043039E.c,
004303ba,FUN_004303ba,61,8,3,1,004303BA.c,
004303f7,FUN_004303f7,74,2,3,1,004303F7.c,
00430441,~exception,22,24,1,1,00430441.c,
00430464,FUN_00430464,21,1,1,1,00430464.c,
00430479,FUN_00430479,28,0,2,1,00430479.c,
00430495,__CxxThrowException@8,58,13,1,1,00430495.c,
004304d0,__ftol,39,27,0,1,004304D0.c,
00430500,FUN_00430500,664,6,0,1,00430500.c,
00430835,FUN_00430835,45,1,2,1,00430835.c,
00430862,FUN_00430862,17,3,1,1,00430862.c,
00430873,__exit,17,3,1,1,00430873.c,
00430884,FUN_00430884,153,2,4,1,00430884.c,
0043091d,FUN_0043091d,26,2,0,1,0043091D.c,
00430937,FUN_00430937,232,7,3,1,00430937.c,
00430a1f,FUN_00430a1f,32,1,2,1,00430A1F.c,
00430a3f,crt_fopen,19,12,1,1,00430A3F.c,
00430a52,FUN_00430a52,266,4,4,1,00430A52.c,
00430b5c,FUN_00430b5c,340,2,2,1,00430B5C.c,
00430cb0,FUN_00430cb0,78,1,1,1,00430CB0.c,
00430cfe,FUN_00430cfe,44,2,0,1,00430CFE.c,
00430d2a,FUN_00430d2a,105,15,5,1,00430D2A.c,
00430d93,_malloc,18,17,1,1,00430D93.c,
00430da5,__nh_malloc,44,2,2,1,00430DA5.c,
00430dd1,FUN_00430dd1,116,1,3,1,00430DD1.c,
00430e50,_strncmp,56,3,0,1,00430E50.c,
00430e90,__aulldiv,104,2,0,1,00430E90.c,
00430f00,FUN_00430f00,47,6,0,1,00430F00.c,
00430f2f,FUN_00430f2f,45,1,1,1,00430F2F.c,
00430f5c,FUN_00430f5c,92,1,0,1,00430F5C.c,
00430fb8,FUN_00430fb8,50,1,3,1,00430FB8.c,
00430fea,entry,235,0,15,1,00430FEA.c,
004310e0,__amsg_exit,34,5,3,1,004310E0.c,
00431105,FUN_00431105,35,1,3,1,00431105.c,
00431129,FUN_00431129,179,2,5,1,00431129.c,
004311dc,__freebuf,43,1,1,1,004311DC.c,
00431207,FUN_00431207,59,1,3,1,00431207.c,
00431242,FUN_00431242,92,4,1,1,00431242.c,
004312a7,flsall,109,1,1,1,004312A7.c,
00431314,FUN_00431314,2597,1,11,1,00431314.c,
00431d39,FUN_00431d39,55,1,1,1,00431D39.c,
00431d70,FUN_00431d70,26,2,1,1,00431D70.c,
00431d8a,FUN_00431d8a,23,1,1,1,00431D8A.c,
00431da1,FUN_00431da1,36,1,2,1,00431DA1.c,
00431dc5,FUN_00431dc5,155,3,3,1,00431DC5.c,
00431e60,FUN_00431e60,423,1,8,1,00431E60.c,
00432007,FUN_00432007,168,1,3,1,00432007.c,
004320af,FUN_004320af,93,1,1,1,004320AF.c,
0043210c,FUN_0043210c,132,2,2,1,0043210C.c,
004321c0,FUN_004321c0,123,2,5,1,004321C0.c,
0043223b,FUN_0043223b,156,1,2,1,0043223B.c,
00432301,FUN_00432301,70,1,2,1,00432301.c,
00432371,FUN_00432371,440,1,8,1,00432371.c,
00432535,FUN_00432535,86,2,1,1,00432535.c,
0043259c,FUN_0043259c,35,1,0,1,0043259C.c,
004325c0,__CallSettingFrame@12,76,2,1,1,004325C0.c,
0043260c,FUN_0043260c,79,3,1,1,0043260C.c,
00432662,FUN_00432662,79,5,1,1,00432662.c,
004326b8,FUN_004326b8,194,1,2,1,004326B8.c,
0043277a,FUN_0043277a,103,6,0,1,0043277A.c,
004327e1,FUN_004327e1,123,1,1,1,004327E1.c,
0043285c,FUN_0043285c,277,3,4,1,0043285C.c,
00432971,FUN_00432971,1825,2,11,1,00432971.c,
004330b2,FUN_004330b2,53,3,1,1,004330B2.c,
004330e7,FUN_004330e7,49,1,1,1,004330E7.c,
00433118,FUN_00433118,56,1,1,1,00433118.c,
00433150,FUN_00433150,13,1,0,1,00433150.c,
0043315d,FUN_0043315d,16,1,0,1,0043315D.c,
0043316d,FUN_0043316d,14,1,0,1,0043316D.c,
0043317b,FUN_0043317b,18,1,1,1,0043317B.c,
0043318d,FUN_0043318d,62,1,0,1,0043318D.c,
004331cb,FUN_004331cb,41,1,3,1,004331CB.c,
004331f4,FUN_004331f4,90,0,2,1,004331F4.c,
004332b4,__fassign,62,0,2,1,004332B4.c,
004332f2,FUN_004332f2,260,2,4,1,004332F2.c,
004333f6,FUN_004333f6,222,2,4,1,004333F6.c,
004334d4,FUN_004334d4,155,1,4,1,004334D4.c,
0043356f,FUN_0043356f,39,1,1,1,0043356F.c,
00433596,FUN_00433596,35,1,1,1,00433596.c,
004335b9,__cfltcvt,81,0,3,1,004335B9.c,
0043360a,FUN_0043360a,37,2,2,1,0043360A.c,
00433630,FUN_00433630,7,9,0,1,00433630.c,
00433640,FUN_00433640,224,1,0,1,00433640.c,
00433720,_strlen,123,13,0,1,00433720.c,
004337a0,_strcmp,129,2,0,1,004337A0.c,
00433824,FUN_00433824,70,0,2,1,00433824.c,
00433888,FUN_00433888,217,2,2,1,00433888.c,
00433961,FUN_00433961,502,3,4,1,00433961.c,
00433b60,FUN_00433b60,664,4,0,1,00433B60.c,
00433e95,FUN_00433e95,368,1,1,1,00433E95.c,
00434005,FUN_00434005,120,1,1,1,00434005.c,
0043407d,FUN_0043407d,429,4,4,1,0043407D.c,
0043422a,FUN_0043422a,45,1,1,1,0043422A.c,
00434257,FUN_00434257,328,1,9,1,00434257.c,
0043439f,FUN_0043439f,93,1,5,1,0043439F.c,
004343fc,FUN_004343fc,72,1,1,1,004343FC.c,
00434444,FUN_00434444,43,3,0,1,00434444.c,
0043446f,FUN_0043446f,809,2,3,1,0043446F.c,
00434798,FUN_00434798,777,3,2,1,00434798.c,
00434aa1,FUN_00434aa1,177,1,4,1,00434AA1.c,
00434b52,FUN_00434b52,251,1,1,1,00434B52.c,
00434c4d,FUN_00434c4d,758,1,0,1,00434C4D.c,
00434f43,FUN_00434f43,324,2,5,1,00434F43.c,
00435087,FUN_00435087,86,1,2,1,00435087.c,
004350dd,FUN_004350dd,194,1,2,1,004350DD.c,
0043519f,FUN_0043519f,87,3,0,1,0043519F.c,
004351f6,FUN_004351f6,69,2,1,1,004351F6.c,
0043523b,FUN_0043523b,520,3,4,1,0043523B.c,
00435443,FUN_00435443,292,1,0,1,00435443.c,
00435567,FUN_00435567,169,1,0,1,00435567.c,
00435610,FUN_00435610,27,3,0,1,00435610.c,
00435630,__aullrem,117,1,0,1,00435630.c,
004356a5,FUN_004356a5,141,1,2,1,004356A5.c,
00435732,FUN_00435732,61,1,1,1,00435732.c,
0043576f,FUN_0043576f,321,1,2,1,0043576F.c,
004358b0,FUN_004358b0,67,1,0,1,004358B0.c,
004358f3,FUN_004358f3,88,1,2,1,004358F3.c,
0043594b,FUN_0043594b,185,1,6,1,0043594B.c,
00435a04,FUN_00435a04,153,1,5,1,00435A04.c,
00435a9d,FUN_00435a9d,436,1,0,1,00435A9D.c,
00435c51,FUN_00435c51,306,1,8,1,00435C51.c,
00435d83,FUN_00435d83,427,1,6,1,00435D83.c,
00435ff5,FUN_00435ff5,27,0,1,1,00435FF5.c,
00436010,FUN_00436010,57,2,1,1,00436010.c,
00436049,FUN_00436049,339,4,8,1,00436049.c,
0043619c,FUN_0043619c,149,1,1,1,0043619C.c,
00436231,FUN_00436231,119,1,1,1,00436231.c,
004362a8,FUN_004362a8,122,1,1,1,004362A8.c,
00436322,FUN_00436322,61,4,0,1,00436322.c,
0043635f,FUN_0043635f,87,1,3,1,0043635F.c,
0043646f,FUN_0043646f,200,1,1,1,0043646F.c,
00436540,_memset,88,7,0,1,00436540.c,
00436598,FUN_00436598,40,2,1,1,00436598.c,
004365c0,FUN_004365c0,117,9,1,1,004365C0.c,
00436640,__allmul,52,1,0,1,00436640.c,
00436680,__allshl,31,1,0,1,00436680.c,
0043669f,FUN_0043669f,110,1,1,1,0043669F.c,
0043670d,FUN_0043670d,28,2,1,1,0043670D.c,
00436729,FUN_00436729,28,1,1,1,00436729.c,
00436745,FUN_00436745,24,2,1,1,00436745.c,
0043675d,FUN_0043675d,23,1,3,1,0043675D.c,
00436774,FUN_00436774,21,1,1,1,00436774.c,
00436789,FUN_00436789,606,1,10,1,00436789.c,
004369e7,FUN_004369e7,428,1,1,1,004369E7.c,
00436b93,FUN_00436b93,320,1,0,1,00436B93.c,
00436cd3,FUN_00436cd3,409,1,5,1,00436CD3.c,
00436e6c,FUN_00436e6c,74,1,0,1,00436E6C.c,
00436eb6,FUN_00436eb6,51,1,0,1,00436EB6.c,
00436ee9,FUN_00436ee9,41,1,0,1,00436EE9.c,
00436f12,FUN_00436f12,389,1,3,1,00436F12.c,
00437097,FUN_00437097,28,3,1,1,00437097.c,
004370b3,FUN_004370b3,511,4,6,1,004370B3.c,
004372d7,FUN_004372d7,154,5,4,1,004372D7.c,
00437371,FUN_00437371,68,3,1,1,00437371.c,
004373b5,FUN_004373b5,38,2,0,1,004373B5.c,
004373db,FUN_004373db,104,1,1,1,004373DB.c,
00437443,FUN_00437443,53,1,2,1,00437443.c,
00437478,FUN_00437478,22,1,1,1,00437478.c,
0043748e,FUN_0043748e,146,1,0,1,0043748E.c,
00437520,FUN_00437520,137,1,0,1,00437520.c,
004375a9,FUN_004375a9,203,1,2,1,004375A9.c,
00437674,FUN_00437674,73,1,0,1,00437674.c,
004376bd,FUN_004376bd,86,1,1,1,004376BD.c,
00437713,FUN_00437713,140,1,2,1,00437713.c,
0043779f,FUN_0043779f,27,1,0,1,0043779F.c,
004377ba,FUN_004377ba,12,1,0,1,004377BA.c,
004377c6,FUN_004377c6,27,1,0,1,004377C6.c,
004377e1,FUN_004377e1,141,1,0,1,004377E1.c,
0043786e,FUN_0043786e,364,2,5,1,0043786E.c,
004379da,FUN_004379da,22,1,1,1,004379DA.c,
004379f0,FUN_004379f0,22,1,1,1,004379F0.c,
00437a06,FUN_00437a06,45,1,2,1,00437A06.c,
00437a33,FUN_00437a33,45,1,2,1,00437A33.c,
00437a60,FUN_00437a60,119,3,2,1,00437A60.c,
00437ad7,FUN_00437ad7,100,3,2,1,00437AD7.c,
00437b3b,FUN_00437b3b,182,1,0,1,00437B3B.c,
00437bf1,FUN_00437bf1,9,2,1,1,00437BF1.c,
00437bfa,FUN_00437bfa,697,1,11,1,00437BFA.c,
00437eb3,FUN_00437eb3,23,1,1,1,00437EB3.c,
00437eca,FUN_00437eca,520,1,2,1,00437ECA.c,
004380f0,_strchr,193,2,0,1,004380F0.c,
004381b0,_strstr,128,1,0,1,004381B0.c,
00438230,FUN_00438230,17,1,1,1,00438230.c,
00438241,FUN_00438241,49,1,0,1,00438241.c,
00438272,FUN_00438272,137,1,2,1,00438272.c,
004382fb,FUN_004382fb,177,0,5,1,004382FB.c,
00438404,FUN_00438404,318,2,5,1,00438404.c,
0043854d,FUN_0043854d,301,1,2,1,0043854D.c,
0043867a,FUN_0043867a,69,1,0,1,0043867A.c,
004386bf,FUN_004386bf,139,1,1,1,004386BF.c,
0043874a,FUN_0043874a,125,1,3,1,0043874A.c,
004387c7,FUN_004387c7,33,3,0,1,004387C7.c,
004387e8,___add_12,94,2,1,1,004387E8.c,
00438846,FUN_00438846,46,3,0,1,00438846.c,
00438874,FUN_00438874,45,2,0,1,00438874.c,
004388a1,FUN_004388a1,199,1,2,1,004388A1.c,
00438968,FUN_00438968,1185,2,3,1,00438968.c,
00438e39,FUN_00438e39,659,1,6,1,00438E39.c,
004390cc,FUN_004390cc,326,1,8,1,004390CC.c,
00439212,FUN_00439212,204,1,2,1,00439212.c,
004392de,__mbsnbicoll,63,2,1,1,004392DE.c,
0043931d,FUN_0043931d,110,2,3,1,0043931D.c,
0043938b,FUN_0043938b,544,2,3,1,0043938B.c,
004395ab,FUN_004395ab,124,2,1,1,004395AB.c,
00439627,FUN_00439627,118,1,0,1,00439627.c,
0043969d,FUN_0043969d,597,1,6,1,0043969D.c,
0043991a,FUN_0043991a,43,2,0,1,0043991A.c,
00439945,FUN_00439945,391,1,10,1,00439945.c,
00439acc,FUN_00439acc,88,1,1,1,00439ACC.c,
00439b24,FUN_00439b24,103,1,3,1,00439B24.c,
00439b8b,FUN_00439b8b,672,1,14,1,00439B8B.c,
00439e2b,FUN_00439e2b,115,1,1,1,00439E2B.c,
00439e9e,FUN_00439e9e,43,1,3,1,00439E9E.c,
00439ec9,FUN_00439ec9,89,4,6,1,00439EC9.c,
00439f23,FUN_00439f23,100,2,4,1,00439F23.c,
00439f94,FUN_00439f94,29,0,2,1,00439F94.c,
00439fb1,FUN_00439fb1,61,1,3,1,00439FB1.c,
00439fee,FUN_00439fee,28,0,2,1,00439FEE.c,
0043a00a,FUN_0043a00a,93,3,4,1,0043A00A.c,
0043a067,FUN_0043a067,61,0,3,1,0043A067.c,
0043a0a4,FUN_0043a0a4,29,0,2,1,0043A0A4.c,
0043a0dd,FUN_0043a0dd,24,1,1,1,0043A0DD.c,
0043a0f5,FUN_0043a0f5,89,2,6,1,0043A0F5.c,
0043a14f,FUN_0043a14f,61,0,3,1,0043A14F.c,
0043a18c,FUN_0043a18c,29,0,2,1,0043A18C.c,
0043a1c5,FUN_0043a1c5,24,1,1,1,0043A1C5.c,
0043a220,RtlUnwind,6,2,0,1,0043A220.c,
0043a228,FUN_0043a228,31,7,0,1,0043A228.c,
0043a2f5,FUN_0043a2f5,97,0,3,1,0043A2F5.c,
0043a360,Unwind@0043a360,11,0,1,1,0043A360.c,
0043a380,Unwind@0043a380,14,0,1,1,0043A380.c,
0043a38e,Unwind@0043a38e,14,0,1,1,0043A38E.c,
0043a3b0,Unwind@0043a3b0,8,0,1,1,0043A3B0.c,
0043a3b8,Unwind@0043a3b8,8,0,1,1,0043A3B8.c,
0043a3d0,Unwind@0043a3d0,8,0,1,1,0043A3D0.c,
0043a3d8,Unwind@0043a3d8,8,0,1,1,0043A3D8.c,
0043a3e0,Unwind@0043a3e0,8,0,1,1,0043A3E0.c,
0043a3e8,Unwind@0043a3e8,8,0,1,1,0043A3E8.c,
0043a400,Unwind@0043a400,8,0,1,1,0043A400.c,
0043a408,Unwind@0043a408,8,0,1,1,0043A408.c,
0043a410,Unwind@0043a410,8,0,1,1,0043A410.c,
0043a418,Unwind@0043a418,8,0,1,1,0043A418.c,
0043a430,Unwind@0043a430,8,0,1,1,0043A430.c,
0043a438,Unwind@0043a438,8,0,1,1,0043A438.c,
0043a450,Unwind@0043a450,11,0,1,1,0043A450.c,
0043a45b,Unwind@0043a45b,11,0,1,1,0043A45B.c,
0043a466,Unwind@0043a466,11,0,1,1,0043A466.c,
0043a471,Unwind@0043a471,11,0,1,1,0043A471.c,
0043a47c,Unwind@0043a47c,11,0,1,1,0043A47C.c,
0043a487,Unwind@0043a487,11,0,1,1,0043A487.c,
0043a492,Unwind@0043a492,11,0,1,1,0043A492.c,
0043a49d,Unwind@0043a49d,11,0,1,1,0043A49D.c,
0043a4c0,Unwind@0043a4c0,8,0,1,1,0043A4C0.c,
0043a4c8,Unwind@0043a4c8,8,0,1,1,0043A4C8.c,
0043a4d0,Unwind@0043a4d0,8,0,1,1,0043A4D0.c,
0043a4d8,Unwind@0043a4d8,8,0,1,1,0043A4D8.c,
0043a4f0,Unwind@0043a4f0,11,0,1,1,0043A4F0.c,
0043a4fb,Unwind@0043a4fb,8,0,1,1,0043A4FB.c,
0043a510,Unwind@0043a510,8,0,1,1,0043A510.c,
0043a540,Unwind@0043a540,11,0,1,1,0043A540.c,
0043a560,Unwind@0043a560,11,0,1,1,0043A560.c,
0043a578,Unwind@0043a578,8,0,1,1,0043A578.c,
0043a58c,Unwind@0043a58c,8,0,1,1,0043A58C.c,
0043a5a0,Unwind@0043a5a0,8,0,1,1,0043A5A0.c,
0043a5b4,Unwind@0043a5b4,8,0,1,1,0043A5B4.c,
0043a5c8,Unwind@0043a5c8,8,0,1,1,0043A5C8.c,
0043a5dc,Unwind@0043a5dc,8,0,1,1,0043A5DC.c,
0043a5f0,Unwind@0043a5f0,8,0,1,1,0043A5F0.c,
