kind,name,index,x,y,frame_width,frame_height,frame_count,notes
machine_short,Roley,0,0,130,189,168,15,"state 0 static uses short-sheet frame 0; state 1 animates short sheet"
machine_long,Roley,0,3,130,246,177,30,"state 2 animates long sheet"
machine_short,Muck,1,86,93,200,162,15,"state 0 static uses short-sheet frame 0; state 1 animates short sheet"
machine_long,Muck,1,86,93,222,177,30,"state 2 animates long sheet"
machine_short,Lofty,2,225,2,165,238,15,"state 0 static uses short-sheet frame 0; state 1 animates short sheet"
machine_long,Lofty,2,225,2,177,242,30,"state 2 animates long sheet"
machine_short,Dizzy,3,342,105,84,102,15,"state 0 static uses short-sheet frame 0; state 1 animates short sheet"
machine_long,Dizzy,3,342,105,85,103,30,"state 2 animates long sheet"
machine_short,Scoop,4,393,75,132,143,15,"state 0 static uses short-sheet frame 0; state 1 animates short sheet"
machine_long,Scoop,4,393,75,138,167,30,"state 2 animates long sheet"
conductor,Bob,0,499,133,85,78,,"editor idle frames 0..19 with 1/3 chance to continue through 20..49; playback frames 50..89"
conductor,Wendy,1,504,132,68,80,,"editor idle frames 0..19 with 1/3 chance to continue through 20..49; playback frames 50..84"
conductor,FarmerPickles,2,493,136,78,85,,"editor idle frames 0..19 with 1/3 chance to continue through 20..49; playback frames 50..104"
wall,composition_grid,,44,310,23,19,,"event-start bitmap origin formula x=44+23*second; y=310+19*pitch_row"
