category,index_or_action,name,retail_behavior
palette,0..9,machine_brick,"State 0: select brick, cancel delete mode, preview direct machine WAV, enter state 1, kick machine animation if idle. State 1: same type toggles off; different type changes cursor/type and previews WAV without kicking animation."
grid_action,11,composition_wall,"State 0: owner-aware pickup/delete of occupied event; delete mode removes and latches interaction. State 1: place into empty cell, replace occupied event and pick removed type up, restore removed event if replacement cannot fit; continuation cells are not owner-resolved in state 1."
special_action,22,secondary_stop_or_cursor_normalize,"State 0 delete mode: restores normal cursor without clearing delete flag. State 9: always draws mpstopred.bmp at (260,416); click stops/resets backing track and returns to state 0."
special_action,23,legacy_play_region,"Hit-table record (340,415)-(395,463); no state-0/state-1 editor dispatch effect and ignored by the state-9 secondary hit path in this retail build."
toolbar,0,Play,"Strict rect (324,416)-(378,472). Edit-state only, delete mode off. Sets play-pending, StopAll managed sounds, action voice base+1 priority50 flag1. State 8 begins only after managed audio becomes idle."
toolbar,1,Stop,"Strict rect (260,416)-(314,472). Playing-state only, delete mode off. Stops backing track, returns state 0, plays base+3+rand()%2 priority50 flag1."
toolbar,2,ClearAll,"Strict rect (103,416)-(157,472). Edit-state only, delete mode off. Opens data\\ui\\Deletebricks.bmp using Yes/No confirmation context 2. Nonzero confirmation result clears all 120 cells to -1."
toolbar,3,Delete,"Strict rect (481,416)-(535,472). Edit-state only. Toggles delete mode/cursor; entering plays base+9+rand()%2 priority50 flag1, leaving restores normal cursor."
toolbar_hover,0,Play_hover,"First hover after another control/no control plays base+6 priority50 flag2."
toolbar_hover,1,Stop_hover,"First hover after another control/no control plays base+7 priority50 flag2."
toolbar_hover,2,ClearAll_hover,"First hover after another control/no control plays base+8 priority50 flag2."
toolbar_hover,3,Delete_hover,"First hover after another control/no control plays base+9 priority50 flag2."
conductor_voice_base,0,Bob,"510 = MP_BOB_01; 13 contiguous MP_BOB_* IDs"
conductor_voice_base,1,Wendy,"523 = MP_WEN_01; 13 contiguous MP_WEN_* IDs"
conductor_voice_base,2,FarmerPickles,"536 = MP_PIC_01; 13 contiguous MP_PIC_* IDs"
delete_lifetime,289..401,wall_y_band,"Delete mode survives only for strict mouse Y 290..400 unless delete_interaction_latch was raised by a deletion that frame. Latch is cleared after the check."
toolbar_surface,0,Play,"hover=mpplayred.bmp; pressed=mpplaydep.bmp; blit origin (324,416)"
toolbar_surface,1,Stop,"hover=mpstopred.bmp; pressed=mpstopdep.bmp; blit origin (260,416)"
toolbar_surface,2,ClearAll,"hover=mpclearallred.bmp; pressed=mpclearalldep.bmp; blit origin (103,416)"
toolbar_surface,3,Delete,"hover=mpdeletered.bmp; pressed=mpdeletedep.bmp; blit origin (481,416)"
