index,role,path
0,red_airbomb_left,Data\\SubGameFirework\\graph\\airbombredleft.bik
1,small_green_left,Data\\SubGameFirework\\graph\\smallgreenleft.bik
2,medium_red_left,Data\\SubGameFirework\\graph\\mediumleftred.bik
3,large_blue_left,Data\\SubGameFirework\\graph\\bigblueleft.bik
4,large_red_left,Data\\SubGameFirework\\graph\\bigredleft.bik
5,medium_green_left,Data\\SubGameFirework\\graph\\Mediumgreenleft.bik
6,small_blue_left,Data\\SubGameFirework\\graph\\smallblueleft.bik
7,blue_airbomb_left,Data\\SubGameFirework\\graph\\airbombblueleft.bik
8,red_candle,Data\\SubGameFirework\\graph\\Candlered.bik
9,red_spinner,Data\\SubGameFirework\\graph\\Wheelred.bik
10,green_spinner,Data\\SubGameFirework\\graph\\Wheelgreen.bik
11,blue_candle,Data\\SubGameFirework\\graph\\Candleblue.bik
12,red_airbomb_right,Data\\SubGameFirework\\graph\\airbombredright.bik
13,small_green_right,Data\\SubGameFirework\\graph\\smallgreenright.bik
14,medium_red_right,Data\\SubGameFirework\\graph\\mediumrightred.bik
15,large_blue_right,Data\\SubGameFirework\\graph\\bigblueright.bik
16,large_red_right,Data\\SubGameFirework\\graph\\bigredright.bik
17,medium_green_right,Data\\SubGameFirework\\graph\\Mediumgreenright.bik
18,small_blue_right,Data\\SubGameFirework\\graph\\smallblueright.bik
19,blue_airbomb_right,Data\\SubGameFirework\\graph\\airbombblueright.bik
20,top_middle,Data\\SubGameFirework\\graph\\topmiddle.bik
21,crowd_loop,Data\\SubGameFirework\\graph\\fireworkcrowdloop.bik
22,crowd_end,Data\\SubGameFirework\\graph\\fireworkcrowdend.bik
