state,name,handler_or_role,notes
0,editor,0x00414076,"Draw editor, controls, hit-test; runs begin+complete action handlers"
1,editor_drag_release,0x004140BB,"Editor variant used while dragged placement/palette interaction is resolving; runs complete action handler"
2,preview_setup,0x004140EE,"Copies selected firework type into preview event and advances"
3,preview_playback,0x0041411A,"Decodes selected firework Bink in editor preview area; restarts movie and advances at end"
4,preview_finish,0x00414184,"Draws editor and resets internal state to 0"
5,retail_noop,default,"Jump-table no-op"
6,retail_noop,default,"Jump-table no-op"
7,retail_noop,default,"Jump-table no-op"
8,show_setup,0x00414195,"Stops managed sounds, unloads editor resources, loads Bink bank, initializes show timing/events"
9,show_playback,0x00414279,"Calls 0x00413450 UpdateFireworksShowPlayback; exact 4s columns, 40-event pool, topmiddle + three crowd loops + crowd-end, then certificate"
10,retail_noop,default,"Jump-table no-op"
11,retail_noop,default,"Jump-table no-op"
12,retail_noop,default,"Jump-table no-op"
13,delete_selected,0x00414377,"Draw/editor controls; placement click calls DeleteFireworkAtSelectedRegion"
14,pre_show_movie_setup,0x0041428C,"Play-button path; waits until AnyManagedSoundPlaying is true, clears display, disables input, opens fireworkcomplete.bik, enters state 15"
15,pre_show_movie_playback,0x004142DF,"Runs fireworkcomplete.bik before the authored show; on completion re-enables input, enters state 8, stops managed sounds, plays persistent sound 142 at priority 90"
16,certificate,0x0041433A,"Calls 0x004138A0 DrawFireworksCertificateScreen"
17,complete_and_exit,0x0041434D,"Updates progress, outer flow -> 0x3C, saves firedata and unloads resources"
