state,handler,role,module,confidence,notes
0x00,0x0042A4A8,startup_flow,front_end,medium,"Initial startup/loading state"
0x01,0x0042A53D,startup_flow,front_end,medium,"Startup media/UI state"
0x02,0x0042A72F,front_end,front_end,low,"Short front-end state"
0x03,0x0042A745,front_end,front_end,medium,"Shared front-end/setup transition"
0x04,0x0042A7E7,front_end,front_end,medium,"Shared front-end/setup transition"
0x05,0x0042A8B0,front_end,front_end,medium,"Shared front-end/setup transition"
0x06,0x0042A994,front_end,front_end,low,"Short front-end state"
0x07,0x0042CD65,no_op,dispatcher,high,"Default/no-op target"
0x08,0x0042A9A5,front_end,front_end,low,"Front-end transition"
0x09,0x0042A9F3,front_end,front_end,low,"Front-end transition"
0x0A,0x0042CD65,no_op,dispatcher,high,"Default/no-op target"
0x0B,0x0042CD65,no_op,dispatcher,high,"Default/no-op target"
0x0C,0x0042AA12,shared_setup,activity_transition,medium,"Shared activity setup/help/movie state"
0x0D,0x0042AAD4,shared_setup,activity_transition,medium,"Shared activity setup/help/movie state"
0x0E,0x0042ABC9,activity_init,herding,high,"Calls InitializeHerdingActivity @ 0x00419600"
0x0F,0x0042AC3B,activity_run,herding,high,"Calls UpdateHerdingActivity @ 0x004182B0"
0x10,0x0042ACC1,shared_setup,activity_transition,medium,"Shared transition/help state"
0x11,0x0042AD97,shared_setup,activity_transition,medium,"Shared transition/help state"
0x12,0x0042AE87,shared_setup,activity_transition,medium,"Shared transition/help state"
0x13,0x0042AF19,shared_setup,activity_transition,medium,"Shared transition/help state"
0x14,0x0042B03A,activity_init,dino,high,"Calls InitializeDinoActivity @ 0x0040A670"
0x15,0x0042B0B8,activity_run,dino,high,"Calls UpdateDinoActivity @ 0x00409E00"
0x16,0x0042B15F,shared_setup,activity_transition,medium,"Shared transition/help state"
0x17,0x0042B239,shared_setup,activity_transition,medium,"Shared transition/help state"
0x18,0x0042B583,shared_setup,activity_transition,medium,"Shared transition/help state"
0x19,0x0042B624,shared_setup,activity_transition,medium,"Shared transition/help state"
0x1A,0x0042B70F,activity_init,spud_skate,high,"Calls InitializeSpudSkateActivity @ 0x00424360"
0x1B,0x0042B77A,activity_run,spud_skate,high,"Calls UpdateSpudSkateActivity @ 0x00424D10"
0x1C,0x0042B7A6,shared_setup,activity_transition,medium,"Shared transition/help state"
0x1D,0x0042B880,shared_setup,activity_transition,medium,"Shared transition/help state"
0x1E,0x0042BBCB,shared_setup,activity_transition,medium,"Shared transition/help state"
0x1F,0x0042BC89,shared_setup,activity_transition,medium,"Shared transition/help state"
0x20,0x0042BD95,activity_init,maze,high,"Calls InitializeMazeActivity @ 0x0041A730"
0x21,0x0042BDE7,activity_run,maze,high,"Calls UpdateMazeActivity @ 0x0041D4D0"
0x22,0x0042BE62,shared_setup,activity_transition,medium,"Shared transition/help state"
0x23,0x0042BF0C,shared_setup,activity_transition,medium,"Shared transition/help state"
0x24,0x0042C039,activity_init,fireworks,high,"Calls InitializeFireworksActivity @ 0x00411C80"
0x25,0x0042C08B,activity_run,fireworks,high,"Calls UpdateFireworksActivity @ 0x00413F10"
0x26,0x0042C128,shared_setup,activity_transition,medium,"Shared transition/help state"
0x27,0x0042C1C0,shared_setup,activity_transition,medium,"Shared transition/help state"
0x28,0x0042C2C1,activity_init,squirrel,high,"Calls InitializeSquirrelActivity @ 0x00425160"
0x29,0x0042C313,activity_run,squirrel,high,"Calls UpdateSquirrelActivity @ 0x004279F0"
0x2A,0x0042C384,shared_setup,activity_transition,medium,"Shared transition/help state"
0x2B,0x0042C45E,shared_setup,activity_transition,medium,"Shared transition/help state"
0x2C,0x0042C534,shared_setup,activity_transition,medium,"Shared transition/help state"
0x2D,0x0042C5B9,shared_setup,activity_transition,medium,"Shared transition/help state"
0x2E,0x0042C6AE,activity_init,grand_opening,high,"Calls InitializeGrandOpeningActivity @ 0x0041DB20"
0x2F,0x0042C70C,activity_run,grand_opening,high,"Calls UpdateGrandOpeningActivity @ 0x00420030"
0x30,0x0042C78D,shared_setup,activity_transition,medium,"Shared transition/help state"
0x31,0x0042C83A,shared_setup,activity_transition,medium,"Shared transition/help state"
0x32,0x0042C929,activity_init,park_designer,high,"Calls InitializeParkDesignerActivity @ 0x0040B7E0"
0x33,0x0042C9A3,activity_run,park_designer,high,"Calls UpdateParkDesignerActivity @ 0x00410D10"
0x34,0x0042B93C,shared_setup,activity_transition,medium,"Shared transition/help state"
0x35,0x0042B9FA,shared_setup,activity_transition,medium,"Shared transition/help state"
0x36,0x0042BAEA,activity_init,golf,high,"Calls InitializeGolfActivity @ 0x004145F0"
0x37,0x0042BB55,activity_run,golf,high,"Calls UpdateGolfActivity @ 0x00415830"
0x38,0x0042B2F5,shared_setup,activity_transition,medium,"Shared transition/help state"
0x39,0x0042B3B3,shared_setup,activity_transition,medium,"Shared transition/help state"
0x3A,0x0042B4BF,activity_init,spud_maze,high,"Calls InitializeSpudMazeActivity @ 0x004207E0"
0x3B,0x0042B52A,activity_run,spud_maze,high,"Calls UpdateSpudMazeActivity @ 0x00423F40"
0x3C,0x0042CAF4,shared_overlay,front_end,medium,"Shared overlay/transition bitmap state"
0x3D,0x0042CB5C,shared_overlay,front_end,medium,"Shared overlay/transition state"
0x3E,0x0042CC28,shared_overlay,front_end,medium,"Shared overlay bitmap state"
0x3F,0x0042CC73,shared_overlay,front_end,medium,"Shared overlay/transition state"
0x40,0x0042CCEA,activity_exit,activity_transition,medium,"Common activity exit/return state"
0x41,0x0042A708,front_end,front_end,medium,"Front-end helper state"
0x42,0x0042C9D4,shared_overlay,front_end,medium,"Shared overlay bitmap state"
0x43,0x0042CA34,fireworks_transition,fireworks,high,"Calls Fireworks cleanup/resource helpers then transitions to state 0x25"
