branch,condition,sound_ids,wav_names,notes
non_final_target_hit,"target_index >= 0 and attempts_remaining != 1","102-113","CG2_BOB_10;CG2_BOB_11;CG2_BOB_12;CG2_BOB_13;CG2_BOB_15;CG2_BOB_15;CG2_SPU_01;CG2_SPU_02;CG2_SPU_03;CG2_WEN_02;CG2_WEN_03;CG2_WEN_04","rand()%12 + 102"
final_good_score,"attempts_remaining == 1 and updated_score > 4","133-134","CG2_WEN_09;CG2_WEN_10","rand()%2 + 133"
final_low_score,"attempts_remaining == 1 and updated_score <= 4","135","CG2_WEN_11","single fixed line"
miss_bad_aim,"no target hit and aim outside expected target tolerance","117 or 114","CG2_BOB_16;CG2_BOB_02","rand()%2: 0 -> 117, 1 -> 114"
miss_near_expected_target,"no target hit, aim within tolerance, integer distance < 50","119-122","CG2_BOB_06;CG2_BOB_07;CG2_BOB_08;CG2_BOB_09","rand()%4 + 119"
miss_far_right,"no target hit, aim within tolerance, distance >= 50, ball_x > expected_target_x","131-132","CG2_WEN_07;CG2_WEN_08","rand()%2 + 131"
miss_far_left_or_equal,"no target hit, aim within tolerance, distance >= 50, ball_x <= expected_target_x","129-130","CG2_WEN_05;CG2_WEN_06","rand()%2 + 129"
target_score_flag,"target index 0","1","","score += 1"
target_score_windmill,"target index 1","3","","score += 3"
target_score_clown,"target index 2","5","","score += 5"
expected_target_flag,"aim < 24","target 0","","ideal aim 0; tolerance +/-10"
expected_target_clown,"24 <= aim < 50","target 2","","ideal aim 34; tolerance +/-6"
expected_target_windmill,"aim >= 50","target 1","","ideal aim 60; tolerance +/-10"
