index,name,helpinfo_name,confidence,notes
0,EnterNameScreen,helpinfo_file_EnterNameScreen_0,high,"Profile-selection/name-sign screen"
1,EnterNamePopup,Enter_name_popup_1,high,"Name/badge entry popup"
2,ActivitySelect,Activity_Select+2,high,"Activity selection screen"
3,SpudChooser,SkateSpud_Select_3,high,"Spud Skate / Spud Maze chooser"
4,DinoChooser,DinoSelect_4,high,"Three-dinosaur chooser"
5,AdventureChooser,CrazyGolfSelect_5,high,"Maze / Golf Adventure Playground chooser"
6,MusicChooser,MusicSelect_6,high,"Bob's Band conductor/music chooser"
7,PregameNoDifficulty,GameStartNoDiff_7,high,"Instruction/walkthrough screen without difficulty"
8,PregameWithDifficulty,GameStartDiff_8,high,"Instruction/walkthrough screen with difficulty"
9,ParkDesigner,DYPINGAME_9,high,"Park Designer in-game help"
10,SpudMaze,SkateMazeIngame_10,high,"Spud Maze repair-game help"
11,SpudSkate,SkateGame_11,high,"Spud Skate in-game help"
12,Dino,DinoGame_12,high,"Dinosaur Discovery in-game help"
13,Squirrel,Squirrel_13,high,"Squirrel Run in-game help"
14,Maze,GolfMaze_14,high,"Maze in-game help"
15,Golf,GolfGolf_15,high,"Golf in-game help"
16,BobsBand,Music_16,high,"Bob's Band in-game help"
17,PetsCorner,PetsCorner_17,high,"Pets Corner in-game help"
18,Fireworks,Fireworks_18,high,"Firework Finale/editor in-game help"
19,ProgressScreen,progressScreen_19,high,"Locked-finale Progress screen help"
