offset,address_entity0,name,retail_semantics
0x00,0x0050B3A8,entity_id,"Entity index/ID"
0x04,0x0050B3AC,animation_frame,"Current sprite animation frame"
0x08,0x0050B3B0,direction,"Eight-way facing/direction index"
0x0C,0x0050B3B4,x,"Integer X position"
0x10,0x0050B3B8,y,"Integer Y position"
0x14,0x0050B3BC,previous_x,"Previous integer X; used for navigation rollback"
0x18,0x0050B3C0,previous_y,"Previous integer Y; used for navigation rollback"
0x1C,0x0050B3C4,direction_degrees,"Float direction angle initialized from direction*45"
0x20,0x0050B3C8,x_float,"Subpixel X position"
0x24,0x0050B3CC,y_float,"Subpixel Y position"
0x28,0x0050B3D0,movement_direction_mask,"Resolved Pickles movement bits: 1 Up,2 Right,4 Down,8 Left; later converted to direction 0..7"
0x2C,0x0050B3D4,animation_frame_countdown,"Per-entity animation countdown; decremented during updates and reset to delays including 50/100/150; gates are seeded to 50"
0x30,0x0050B3D8,type,"Retail EntityType"
0x34,0x0050B3DC,source_left,"Sprite source rectangle left"
0x38,0x0050B3E0,source_top,"Sprite source rectangle top"
0x3C,0x0050B3E4,source_right,"Sprite source rectangle right"
0x40,0x0050B3E8,source_bottom,"Sprite source rectangle bottom"
0x44,0x0050B3EC,surface_ptr32,"32-bit IDirectDrawSurface7 pointer"
0x48,0x0050B3F0,movement_active,"Retail movement-active flag; writes 0/1"
0x4C,0x0050B3F4,movement_speed,"Float movement speed / per-update movement magnitude"
0x50,0x0050B3F8,behavior_state,"Animal/home behavior state"
0x54,0x0050B3FC,unused,"No retail references in executable"
0x58,0x0050B400,temporary_target_timer,"Temporary wander/target countdown; e.g. 200 after food change or Scruffty distraction"
0x5C,0x0050B404,target_x,"Temporary movement target X"
0x60,0x0050B408,target_y,"Temporary movement target Y"
