surface,global,filename,color_keyed
Background,0x00510724,"Data\SubGame1\bk)1_revised_01.bmp",no
Pickles,0x00510728,"Data\SubGame1\Pickles_1_8bit.bmp",yes
Duck,0x0051072C,"Data\SubGame1\DUCK_01.bmp",yes
Rabbit,0x00510730,"Data\SubGame1\bunny.bmp",yes
Sheep,0x00510734,"Data\SubGame1\sheep_shadow.bmp",yes
Scruffty,0x00510738,"Data\SubGame1\scrufty_sprite_8bit.bmp",yes
DuckBag,0x0051073C,"Data\SubGame1\duckbag.bmp",yes
RabbitBag,0x00510740,"Data\SubGame1\rabbitbag.bmp",yes
SheepBag,0x00510744,"Data\SubGame1\sheepbag.bmp",yes
UiSurround,0x00510748,"Data\SubGame1\uisurround.bmp",yes
TravisCab,0x0051074C,"Data\SubGame1\traviscab.bmp",no
Trailer1,0x00510750,"Data\SubGame1\trailer1.bmp",no
Trailer2,0x00510754,"Data\SubGame1\trailer2.bmp",no
GateLeft,0x00510758,"Data\SubGame1\gateleft.bmp",yes
GateRight,0x0051075C,"Data\SubGame1\gateright.bmp",yes
DuckToolbar,0x005105A0,"Data\SubGame1\ducktoolbar.bmp",yes
RabbitToolbar,0x005105A4,"Data\SubGame1\rabbittoolbar.bmp",yes
SheepToolbar,0x005105A8,"Data\SubGame1\sheeptoolbar.bmp",yes
