value,name,confidence,notes
0,FarmerPickles,high,"Player-controlled Farmer Pickles; rendered from Pickles_1_8bit.bmp"
1,Sheep,high,"Generic animal controller; requires SheepFood"
2,Rabbit,high,"Generic animal controller; rendered from bunny.bmp; requires RabbitFood"
3,Duck,high,"Generic animal controller; rendered from DUCK_01.bmp; requires DuckFood"
4,UnknownType4,low,"Referenced by retail collision/state logic; construction semantics not yet closed"
5,UnknownType5,low,"Referenced by retail collision/state logic; construction semantics not yet closed"
6,UnknownType6,low,"Referenced by retail collision/state logic; construction semantics not yet closed"
7,Scruffty,high,"Optional Medium/Hard roaming distractor using scrufty_sprite_8bit.bmp and herd.txt group 1 patrol"
12,Trailer1,high,"Static environment actor using trailer1.bmp"
13,TravisCab,high,"Static Travis/trailer interaction actor using traviscab.bmp"
14,Trailer2,high,"Static environment actor using trailer2.bmp"
15,GateLeft,high,"Depth-sort-special-cased static gate using gateleft.bmp"
16,GateRight,high,"Depth-sort-special-cased static gate using gateright.bmp"
17,Inactive,high,"Cleared/unallocated entity slot marker"
