global,name,retail_role
0x004FBF90,direct_input8_ptr,"IDirectInput8 created with DirectInput8Create version 0x0800"
0x004FBF94,pointer_device_ptr,"Pointer/mouse DirectInput device; acquired/unacquired with frame-active state and polled each active frame"
0x004FBF98,keyboard_device_ptr,"Keyboard DirectInput device; GetDeviceState reads 256 bytes into 0x004FBE70"
0x004FBE70,keyboard_state_256,"256-byte DIK state array"
0x004FBE5C,directional_action_bits,"bit1 Left, bit2 Right, bit4 Up, bit8 Down, bit0x10 Space"
0x004FBD24,cursor_x,"Shared cursor X"
0x004FBD30,cursor_y,"Shared cursor Y"
0x004FBD48,cursor_hotspot_x,"Added during cursor-bound tests and some activity hit tests"
0x004FBD4C,cursor_hotspot_y,"Added during cursor-bound tests and some activity hit tests"
0x004FBF78,cursor_min_x,"Retail reset value 2"
0x004FBF7C,cursor_min_y,"Retail reset value 2"
0x004FBF80,cursor_max_x,"Retail reset value 637"
0x004FBF84,cursor_max_y,"Retail reset value 477"
0x004FBE54,primary_input_pulse,"Shared one-frame input/click pulse consumed by UI/activity code"
0x0043ED14,input_processing_gate,"1 enables shared input processing; global Bink pause/open paths can clear it"
0x0043ED18,cursor_redraw_flag,"Set to 1 when the stored cursor X/Y position changes"
0x0051BCA8,fast_cursor_mode,"Nonzero changes keyboard cursor step from 1 pixel to 4 pixels"
