address,name,confidence,notes
0x00430144,crt_sprintf,high,"MSVC static CRT sprintf-style varargs wrapper"
0x00430A3F,crt_fopen,high,"MSVC static CRT fopen wrapper; passes sharing flag 0x40 to lower-level open"
0x0042FB62,crt_fclose,high,"MSVC static CRT FILE close implementation"
0x0042FBB8,crt_fscanf,high,"MSVC static CRT fscanf-style varargs wrapper"
0x00406E10,OpenGameDataFileWithCDFallback,high,"Opens requested path; if needed retries against the detected CD/game root"
0x004036E0,MarkRegisteredSurfaceColorKeyed,high,"Finds a registered surface and sets its reload/color-key flag"
0x00403720,UnregisterBitmapSurface,high,"Clears matching surface pointer, reload flag, and stored filename"
0x00403770,RegisterBitmapSurface,high,"Stores DirectDraw surface pointer and source filename in the global reload registry"
0x00403830,ReloadRegisteredBitmapSurfaces,high,"Releases and reloads all registered bitmap surfaces; reapplies color key when flagged"
0x004038D0,LoadBitmapToDirectDrawSurface,high,"LoadImageA bitmap load followed by DirectDraw surface creation/copy; retries using CD/game root"
0x00403B70,SetSurfaceTransparencyColorKey,high,"Converts RGB value to surface pixel format then calls IDirectDrawSurface::SetColorKey"
0x00407390,LoadOptionsConfig,medium,"Loads loaddata\\options.txt into global UI/options values"
0x0040A440,LoadDinoLevelData,medium,"Uses dinosaur/difficulty path table, formats dino.txt path, parses records into global arrays"
0x0040AEA0,LoadParkDesignerBoundAreas,medium,"Loads data\\subgamedyp\\boundareas.txt and fills fixed global tables"
0x00402700,WinMain,high,"Called by the MSVC CRT startup with hInstance/hPrevInstance/lpCmdLine/nCmdShow"
0x00401030,LoadHelpInfo,high,"Directly opens loaddata\\helpinfo.txt and parses the help table"
0x00406EB0,LoadHelpWavTable,high,"Directly opens loaddata\\HelpWav.txt"
0x00406F60,LoadNumUiHotAreaTable,high,"Directly opens loaddata\\NumUiHotArea.txt"
0x00406FD0,LoadUiHotAreas,high,"Directly opens loaddata\\uiHotArea.txt"
0x00407100,LoadUiHotAreaReplacements,high,"Directly opens loaddata\\uiHotAreaReplace.txt"
0x00407330,LoadUiBitmapNames,high,"Directly opens loaddata\\uiBitmapName.txt"
0x00407430,LoadPlayAgainOverlayData,high,"Directly opens loaddata\\playagain.txt"
0x004074F0,LoadQuitConfirmationData,high,"Directly opens loaddata\\quitsure.txt"
0x00407770,LoadVideoSequence,high,"Directly opens loaddata\\videoseq.txt"
0x004077F0,LoadBinkWalkthroughTable,high,"Directly opens loaddata\\binkwalk.txt"
0x00407870,LoadStartupAndCompletionMovies,high,"Loads loaddata\\startupmovie.txt followed by loaddata\\completedmovie.txt"
0x00407920,LoadGlobalDataTables,high,"Calls the UI/options/movie table loaders in sequence"
0x00407E50,InitializeDirectInput,high,"Calls DirectInput8Create and configures DirectInput interfaces/devices"
0x00408D90,InitializeBinkAudio,high,"Binds Bink sound system to DirectSound through BinkSetSoundSystem/BinkOpenDirectSound"
0x00402B00,GameAppConstructor,medium,"Constructs the large ~0x7738-byte game object allocated by WinMain"
