offset,name,retail_semantics
0x00,left,"World/screen placement left X"
0x04,top,"World/screen placement top Y"
0x08,right,"Derived right bound = left + sprite width"
0x0C,bottom,"Derived bottom bound = top + sprite height"
0x10,surface_ptr32,"32-bit IDirectDrawSurface7 pointer"
0x14,unused_persisted_14,"No Park Designer runtime reader/writer; preserved by raw save/load and whole-record copies"
0x18,unused_persisted_18,"No Park Designer runtime reader/writer; preserved by raw save/load and whole-record copies"
0x1C,object_code,"Object code/type; -1 empty"
0x20,object_subcode,"Object-family subtype/runtime selector"
0x24,enabled_or_active,"Active/render flag"
0x28,sprite_width,"Sprite width"
0x2C,sprite_height,"Sprite height"
0x30,sort_layer,"Depth/sort layer from retail object-code table"
0x34,record_index,"Persistent record index, repaired during compaction"
0x38,bound_category,"Collision polygon category 0..3"
0x3C,bound_variant,"Collision polygon variant 0..4"
0x40,visual_frame_or_segment,"Pond auxiliary source-segment index or object-code-7 fountain animation frame"
0x44,fountain_phase,"Fountain animation phase; runtime distinguishes startup phase 0 and loop phase 1"
0x48,fountain_frame_countdown,"Fountain frame countdown; initialized/reset to 9"
