index,name,confidence,notes
50,PetsCorner,high,"Set on successful Herding/Pets Corner completion"
51,SquirrelRun,high,"Set on Squirrel Run completion"
52,BobsBandBob,high,"Set when Bob conductor playback begins"
53,BobsBandWendy,high,"Set when Wendy conductor playback begins"
54,BobsBandFarmerPickles,high,"Set when Farmer Pickles conductor playback begins"
55,ParkDesigner,high,"Set when exiting Park Designer with at least one placed object"
56,DinoRaptor,high,"Dino level_index/3 == species 0"
57,DinoTriceratops,high,"Dino level_index/3 == species 1"
58,DinoTyrannosaurus,high,"Dino level_index/3 == species 2"
59,SpudMaze,high,"Set only on repair-game success, not timeout"
60,SpudSkate,high,"Set on Spud Skate completion"
61,Maze,high,"Set on Maze completion"
62,Golf,high,"Set on Golf completion"
63,FireworkFinaleEntered,high,"InitializeFireworksActivity writes 1 when finale starts"
64,Unknown64,low,"Included in retail progress sum; no writer identified yet"
