module,update_state,generic_ui_screen,jump_table,action,handler,target_state,difficulty_value,special_effect
herding,0x0D,2,0x42CE7C,-6,0x42AB6E,0x0D,,retain_instruction_update
herding,0x0D,2,0x42CE7C,-5,0x42ABB9,0x0E,,start_game
herding,0x0D,2,0x42CE7C,-4,0x42AB9A,0x0D,2,set_and_retain_difficulty
herding,0x0D,2,0x42CE7C,-3,0x42AB7E,0x0D,1,set_and_retain_difficulty
herding,0x0D,2,0x42CE7C,-2,0x42AB62,0x0D,0,set_and_retain_difficulty
herding,0x0D,2,0x42CE7C,-1,0x42C8CD,0x04,,back
dino,0x13,2,0x42CEAC,-6,0x42AFD1,0x13,,retain_instruction_update
dino,0x13,2,0x42CEAC,-5,0x42B02A,0x14,,start_game
dino,0x13,2,0x42CEAC,-4,0x42B003,0x13,2,set_source_difficulty
dino,0x13,2,0x42CEAC,-3,0x42AFE1,0x13,1,set_source_difficulty
dino,0x13,2,0x42CEAC,-2,0x42AFBE,0x13,0,set_source_difficulty
dino,0x13,2,0x42CEAC,-1,0x42AFA2,0x10,,back
spud_skate,0x19,8,0x42CEF4,-6,0x42B6D5,0x19,,retain_instruction_update
spud_skate,0x19,8,0x42CEF4,-5,0x42B6FF,0x1A,,start_game
spud_skate,0x19,8,0x42CEF4,-4,0x42B6E5,0x19,2,set_source_difficulty
spud_skate,0x19,8,0x42CEF4,-3,0x42B6CF,0x19,1,set_source_difficulty
spud_skate,0x19,8,0x42CEF4,-2,0x42B6AD,0x1A,0,special_direct_start_and_latch_0x51C32C
spud_skate,0x19,8,0x42CEF4,-1,0x42B43C,0x16,,back
maze,0x1F,2,0x42CF3C,-6,0x42BD3A,0x1F,,retain_instruction_update
maze,0x1F,2,0x42CF3C,-5,0x42BD85,0x20,,start_game
maze,0x1F,2,0x42CF3C,-4,0x42BD66,0x1F,2,set_source_difficulty
maze,0x1F,2,0x42CF3C,-3,0x42BD4A,0x1F,1,set_source_difficulty
maze,0x1F,2,0x42CF3C,-2,0x42BD2E,0x1F,0,set_source_difficulty
maze,0x1F,2,0x42CF3C,-1,0x42BD12,0x1C,,back
fireworks,0x23,7,0x42CF54,-6,0x42C00F,0x23,,retain_instruction_update
fireworks,0x23,7,0x42CF54,-5,0x42BFF9,0x24,,start_game
fireworks,0x23,7,0x42CF54,-4,0x42C01F,0x23,2,set_source_difficulty
fireworks,0x23,7,0x42CF54,-3,0x42C009,0x23,1,set_source_difficulty
fireworks,0x23,7,0x42CF54,-2,0x42BFF3,0x23,0,set_source_difficulty
fireworks,0x23,7,0x42CF54,-1,0x42C8CD,0x04,,back
squirrel,0x27,2,0x42CF6C,-6,0x42C270,0x27,,retain_instruction_update
squirrel,0x27,2,0x42CF6C,-5,0x42C2A8,0x28,,start_game
squirrel,0x27,2,0x42CF6C,-4,0x42C297,0x27,2,set_source_difficulty
squirrel,0x27,2,0x42CF6C,-3,0x42C289,0x27,1,set_source_difficulty
squirrel,0x27,2,0x42CF6C,-2,0x42C264,0x27,0,set_source_difficulty
squirrel,0x27,2,0x42CF6C,-1,0x42C245,0x04,,back
bobs_band,0x2D,8,0x42CF9C,-6,0x42C684,0x2D,,retain_instruction_update
bobs_band,0x2D,8,0x42CF9C,-5,0x42C66E,0x2E,,start_game
bobs_band,0x2D,8,0x42CF9C,-4,0x42C694,0x2D,2,set_source_difficulty
bobs_band,0x2D,8,0x42CF9C,-3,0x42C67E,0x2D,1,set_source_difficulty
bobs_band,0x2D,8,0x42CF9C,-2,0x42C668,0x2D,0,set_source_difficulty
bobs_band,0x2D,8,0x42CF9C,-1,0x42C64C,0x2A,,back
park_designer,0x31,8,0x42CFB4,-6,0x42C8FF,0x31,,retain_instruction_update
park_designer,0x31,8,0x42CFB4,-5,0x42C8E9,0x32,,start_game
park_designer,0x31,8,0x42CFB4,-4,0x42C90F,0x31,2,set_source_difficulty
park_designer,0x31,8,0x42CFB4,-3,0x42C8F9,0x31,1,set_source_difficulty
park_designer,0x31,8,0x42CFB4,-2,0x42C8E3,0x31,0,set_source_difficulty
park_designer,0x31,8,0x42CFB4,-1,0x42C8CD,0x04,,back
golf,0x35,2,0x42CF24,-6,0x42BA8F,0x35,,retain_instruction_update
golf,0x35,2,0x42CF24,-5,0x42BADA,0x36,,start_game
golf,0x35,2,0x42CF24,-4,0x42BABB,0x35,2,set_source_difficulty
golf,0x35,2,0x42CF24,-3,0x42BA9F,0x35,1,set_source_difficulty
golf,0x35,2,0x42CF24,-2,0x42BA83,0x35,0,set_source_difficulty
golf,0x35,2,0x42CF24,-1,0x42BD12,0x1C,,back
spud_maze,0x39,2,0x42CEDC,-6,0x42B464,0x39,,retain_instruction_update
spud_maze,0x39,2,0x42CEDC,-5,0x42B4AF,0x3A,,start_game
spud_maze,0x39,2,0x42CEDC,-4,0x42B490,0x39,2,set_source_difficulty
spud_maze,0x39,2,0x42CEDC,-3,0x42B474,0x39,1,set_source_difficulty
spud_maze,0x39,2,0x42CEDC,-2,0x42B458,0x39,0,set_source_difficulty
spud_maze,0x39,2,0x42CEDC,-1,0x42B43C,0x16,,back
