global,surface_or_handle,asset,role
0x00514B2C,bink_handle_0,bad.bik,"Bad quality synchronized Bink"
0x00514B30,bink_handle_1,normal.bik,"Normal quality synchronized Bink"
0x00514B34,bink_handle_2,ok.bik,"Okay quality synchronized Bink"
0x00514B38,bink_handle_3,good.bik,"Good quality synchronized Bink"
0x00514B3C,bink_handle_4,end.bik,"Result/end Bink"
0x00514E8C,bink_surface_0,bad.bik,"600x380 surface for Bad stream"
0x00514E90,bink_surface_1,normal.bik,"600x380 surface for Normal stream"
0x00514E94,bink_surface_2,ok.bik,"600x380 surface for Okay stream"
0x00514E98,bink_surface_3,good.bik,"600x380 surface for Good stream"
0x00514E9C,bink_surface_4,end.bik,"600x380 surface for end movie"
0x00514EA0,background_surface,"Data\SubGameSpudSkate\minimised.bmp","Activity background"
0x005148B4,score_digits_surface,"Data\SubGameSpudSkate\skatespudscore.bmp","10 horizontal 24x50 score digits"
0x00514B60,normal_overlay,"Data\SubGameSpudSkate\1.bmp","Quality overlay at (267,415) for quality 1"
0x00514B64,okay_overlay,"Data\SubGameSpudSkate\2.bmp","Quality overlay at (267,415) for quality 2"
0x00514B68,good_overlay,"Data\SubGameSpudSkate\3.bmp","Quality overlay at (267,415) for quality 3"
