address_or_range,name,retail_role
0x00446568,stunt_count,"Loaded from spuddata*.txt; shipped value 8"
0x0044656C,active_stunt_index,"-1 when no stunt is active; set on accepted input and cleared at the stunt return-to-Bad frame"
0x00446570,loop_start_frame,"Loaded final timing pair first value; shipped value 44; exact-frame Bink seek target after movie end"
0x00446574,pass_marker_frame,"Loaded final timing pair second value; shipped value 660; first encounter scores final stunt specially, second encounter starts end.bik"
0x00514EA4,current_quality,"0 Bad, 1 Normal, 2 Okay, 3 Good; also directly selects synchronized Bink stream and is added to score"
0x00514EA8,pass_marker_hit_count,"Initialized 0; increments whenever primary Bink frame equals 660; 1 continues run, 2 starts end.bik"
0x00514EAC,playback_phase,"0 synchronized stunt run, 1 end.bik/result presentation, 2 activity complete"
0x00514EB0,running_score,"Initialized 0; increments by current_quality at each scoring event"
0x005148B8,result_voice_latch,"Initialized 0; result one-shot branch sets -1 after playing result voice pool(s) and recording completion"
0x00514B6C..0x00514BEB,stunt_windows,"Eight 16-byte records: Normal start, Okay start, Good start, end exclusive"
0x00514558..0x00514577,return_to_bad_frames,"Eight frames loaded after timing windows"
0x00514634..0x005148B3,stunt_sound_matrix,"8 stunts x 4 qualities x 5 candidate managed sound IDs"
0x00514B40..0x00514B5F,stunt_sound_trigger_frames,"Eight trigger frames from soundinfo.txt"
0x00514B2C..0x00514B3C,bink_handles,"Five handles: bad.bik, normal.bik, ok.bik, good.bik, end.bik"
0x00514E8C..0x00514E9C,bink_surfaces,"Five DirectDraw surfaces corresponding to the five Bink handles"
0x00514EA0,background_surface,"Data\SubGameSpudSkate\minimised.bmp"
0x005148B4,score_digits_surface,"Data\SubGameSpudSkate\skatespudscore.bmp"
0x00514B60,normal_quality_overlay,"Data\SubGameSpudSkate\1.bmp; drawn at (267,415) when quality=1"
0x00514B64,okay_quality_overlay,"Data\SubGameSpudSkate\2.bmp; drawn at (267,415) when quality=2"
0x00514B68,good_quality_overlay,"Data\SubGameSpudSkate\3.bmp; drawn at (267,415) when quality=3"
